INSERT INTO `MyUser` (`id`, `email`, `firstName`, `familyName`, `fbId`) VALUES (1, "Constantin67@gmail.com", "Laverna", "Reinger", 10000000001 );
INSERT INTO `UserLanguage` (`userId`, `languageId`) VALUES (1, 2);
INSERT INTO `Goal` (`hoursPerWeek`, `weeklyBudget`, `headline`, `description`, `status`, `apprenticeId`, `createdAt`, `updatedAt`) VALUES (4, 253295, "Ut optio sapiente delectus maxime esse labore laudantium non aliquid.", "Vero officiis voluptatum sit deserunt placeat totam quis eveniet. Ab consequatur laudantium beatae dolores exercitationem consequatur. Amet ut tempore itaque quam et consequuntur voluptatem asperiores. Quia eius deserunt et.", "open", 1, "2017-09-14 22:25:17", "2017-09-14 22:25:17");
INSERT INTO `Goal` (`hoursPerWeek`, `weeklyBudget`, `headline`, `description`, `status`, `apprenticeId`, `createdAt`, `updatedAt`) VALUES (35, 90389, "Nobis quibusdam non vel nobis.", "Suscipit sequi quo. Et animi iste nam consequatur aut. Vel ad perferendis deserunt. Nam id dolor dolor quis ipsam quos est doloremque.", "open", 1, "2017-07-09 13:12:10", "2017-07-09 13:12:10");
INSERT INTO `Goal` (`hoursPerWeek`, `weeklyBudget`, `headline`, `description`, `status`, `apprenticeId`, `createdAt`, `updatedAt`) VALUES (36, 81463, "Ea maxime suscipit error error adipisci dicta odit fuga.", "Consectetur fugit quaerat provident sit delectus sed qui mollitia. Qui sequi eveniet eos veniam porro nihil nobis voluptates labore. Mollitia et dolor cupiditate culpa sunt numquam unde et. Dolor voluptatem eum quae iure numquam voluptas.", "open", 1, "2017-08-10 14:04:51", "2017-08-10 14:04:51");
INSERT INTO `Goal` (`hoursPerWeek`, `weeklyBudget`, `headline`, `description`, `status`, `apprenticeId`, `createdAt`, `updatedAt`) VALUES (29, 23781, "Voluptatum et aliquid.", "Delectus eaque voluptatibus labore at et porro delectus. Tenetur sint dicta exercitationem. Et qui officiis dolores maiores culpa enim ipsam. Praesentium ex fugit sit.", "open", 1, "2017-07-27 17:30:54", "2017-07-27 17:30:54");
INSERT INTO `MyUser` (`id`, `email`, `firstName`, `familyName`, `fbId`) VALUES (2, "Ines.Lind@hotmail.com", "Eldora", "Stark", 10000000002 );
INSERT INTO `UserLanguage` (`userId`, `languageId`) VALUES (2, 4);
INSERT INTO `UserLanguage` (`userId`, `languageId`) VALUES (2, 1);
INSERT INTO `UserLanguage` (`userId`, `languageId`) VALUES (2, 10);
INSERT INTO `Goal` (`hoursPerWeek`, `weeklyBudget`, `headline`, `description`, `status`, `apprenticeId`, `createdAt`, `updatedAt`) VALUES (22, 156752, "Consequatur cum omnis repudiandae at voluptates.", "Est est animi asperiores et. Atque ratione laborum. Et ut est exercitationem. Et odio nulla inventore ipsam quia tempore quod.", "open", 2, "2017-07-16 23:46:51", "2017-07-16 23:46:51");
INSERT INTO `Goal` (`hoursPerWeek`, `weeklyBudget`, `headline`, `description`, `status`, `apprenticeId`, `createdAt`, `updatedAt`) VALUES (31, 143520, "Beatae aliquam atque quis.", "Nihil non praesentium vero iusto. Beatae harum distinctio iste. Dignissimos nemo corporis odio nesciunt. Ducimus dicta natus in saepe doloribus ut cumque.", "open", 2, "2017-09-02 18:23:00", "2017-09-02 18:23:00");
INSERT INTO `Goal` (`hoursPerWeek`, `weeklyBudget`, `headline`, `description`, `status`, `apprenticeId`, `createdAt`, `updatedAt`) VALUES (26, 305277, "Maxime maiores eos autem iste dolor veritatis veritatis beatae.", "Doloremque eius recusandae omnis. Omnis dolores in. Nemo sequi quia omnis. Autem quis dolorum autem.", "open", 2, "2017-08-28 22:57:52", "2017-08-28 22:57:52");
INSERT INTO `Goal` (`hoursPerWeek`, `weeklyBudget`, `headline`, `description`, `status`, `apprenticeId`, `createdAt`, `updatedAt`) VALUES (40, 1842, "Enim sit minus.", "Nam mollitia suscipit. Dicta perspiciatis magnam. Ea voluptas vero voluptas nulla ipsum animi. Harum vel quia magnam cupiditate laboriosam quisquam.", "open", 2, "2017-08-05 10:33:58", "2017-08-05 10:33:58");
INSERT INTO `MyUser` (`id`, `email`, `firstName`, `familyName`, `fbId`) VALUES (3, "Sheila_Bogan54@gmail.com", "Kailyn", "Fahey", 10000000003 );
INSERT INTO `UserLanguage` (`userId`, `languageId`) VALUES (3, 10);
INSERT INTO `Goal` (`hoursPerWeek`, `weeklyBudget`, `headline`, `description`, `status`, `apprenticeId`, `createdAt`, `updatedAt`) VALUES (5, 11635, "Consequatur est repudiandae rerum beatae aperiam.", "Dolor quaerat eum vero ea amet laudantium deleniti. Expedita dignissimos velit non officiis similique libero. Rerum et ut qui vel repudiandae illo molestias. Quaerat libero ad neque nihil eum non consequatur vel maiores.", "open", 3, "2017-11-11 02:45:01", "2017-11-11 02:45:01");
INSERT INTO `Goal` (`hoursPerWeek`, `weeklyBudget`, `headline`, `description`, `status`, `apprenticeId`, `createdAt`, `updatedAt`) VALUES (1, 448370, "Sint et eos.", "Dignissimos aspernatur ut voluptatem corporis nihil laudantium. Et eum pariatur quisquam et nihil consectetur quia nobis. Odit nesciunt nobis accusantium reprehenderit. Nihil cupiditate praesentium eum neque molestias odit.", "open", 3, "2017-09-16 07:05:37", "2017-09-16 07:05:37");
INSERT INTO `Goal` (`hoursPerWeek`, `weeklyBudget`, `headline`, `description`, `status`, `apprenticeId`, `createdAt`, `updatedAt`) VALUES (10, 154385, "Aut quibusdam omnis ipsa vel pariatur reiciendis ut nostrum aut.", "Repellat reprehenderit tempora aliquam animi et ea voluptatum ratione. Voluptatum et ullam aperiam repellendus commodi dolore adipisci. Nesciunt iusto ut quo beatae in non. Saepe neque dolor earum vel magni voluptas.", "open", 3, "2017-07-10 23:46:46", "2017-07-10 23:46:46");
INSERT INTO `Goal` (`hoursPerWeek`, `weeklyBudget`, `headline`, `description`, `status`, `apprenticeId`, `createdAt`, `updatedAt`) VALUES (15, 93964, "Eaque amet ipsa quas vel rerum ut architecto expedita aspernatur.", "Corrupti ea non quia ratione. Voluptatibus rerum fugiat et quia modi nesciunt. Molestiae quam et beatae ut tempora voluptas et provident non. Nemo exercitationem adipisci facere id magnam est.", "open", 3, "2017-08-28 00:15:57", "2017-08-28 00:15:57");
INSERT INTO `MyUser` (`id`, `email`, `firstName`, `familyName`, `fbId`) VALUES (4, "Haven98@gmail.com", "Aaron", "Stracke", 10000000004 );
INSERT INTO `UserLanguage` (`userId`, `languageId`) VALUES (4, 7);
INSERT INTO `UserLanguage` (`userId`, `languageId`) VALUES (4, 3);
INSERT INTO `Goal` (`hoursPerWeek`, `weeklyBudget`, `headline`, `description`, `status`, `apprenticeId`, `createdAt`, `updatedAt`) VALUES (21, 41688, "Non quaerat et ut voluptatum.", "Aut nulla maxime iusto. Sit doloribus rerum vero architecto qui dolor sit soluta vero. Dolorem id cumque at aut consequatur necessitatibus fugiat. Aut iure pariatur aut magnam dolorem nobis illum.", "open", 4, "2017-10-26 10:23:36", "2017-10-26 10:23:36");
INSERT INTO `MyUser` (`id`, `email`, `firstName`, `familyName`, `fbId`) VALUES (5, "Jackeline_Wunsch80@hotmail.com", "Eino", "Wolff", 10000000005 );
INSERT INTO `UserLanguage` (`userId`, `languageId`) VALUES (5, 8);
INSERT INTO `Goal` (`hoursPerWeek`, `weeklyBudget`, `headline`, `description`, `status`, `apprenticeId`, `createdAt`, `updatedAt`) VALUES (38, 422712, "In earum atque nihil et ipsum quia autem temporibus.", "Molestias est suscipit sint. Et odio sequi adipisci. Laboriosam eos necessitatibus et tempora qui fugiat delectus consequatur. Consequatur sunt aut doloribus velit quia quia itaque velit sit.", "open", 5, "2017-09-09 15:25:51", "2017-09-09 15:25:51");
INSERT INTO `Goal` (`hoursPerWeek`, `weeklyBudget`, `headline`, `description`, `status`, `apprenticeId`, `createdAt`, `updatedAt`) VALUES (28, 2391, "Molestiae in odio eligendi quia et expedita natus a.", "Inventore eligendi aut. Atque perspiciatis aut voluptas consequatur. Ea quos iste molestiae quae sit. Ducimus consequatur quae ut eos ut culpa dolorem est.", "open", 5, "2017-08-10 17:19:51", "2017-08-10 17:19:51");
INSERT INTO `Goal` (`hoursPerWeek`, `weeklyBudget`, `headline`, `description`, `status`, `apprenticeId`, `createdAt`, `updatedAt`) VALUES (33, 399564, "Delectus repellat est sequi quod.", "Eligendi laborum et reiciendis labore nihil. Ut nesciunt ut doloribus non. Est aliquam consequatur debitis vitae dignissimos. Pariatur sit hic et nesciunt deleniti et magnam quia.", "open", 5, "2017-09-09 09:23:01", "2017-09-09 09:23:01");
INSERT INTO `MyUser` (`id`, `email`, `firstName`, `familyName`, `fbId`) VALUES (6, "Vaughn.Conn@yahoo.com", "Mathias", "Ondricka", 10000000006 );
INSERT INTO `UserLanguage` (`userId`, `languageId`) VALUES (6, 4);
INSERT INTO `UserLanguage` (`userId`, `languageId`) VALUES (6, 9);
INSERT INTO `Goal` (`hoursPerWeek`, `weeklyBudget`, `headline`, `description`, `status`, `apprenticeId`, `createdAt`, `updatedAt`) VALUES (7, 256084, "Veritatis et quibusdam iste distinctio.", "Voluptatum doloremque fuga non voluptatem quis. Veritatis eius sit aliquam repudiandae quos. Eos incidunt repellendus. Maiores saepe et velit pariatur.", "open", 6, "2017-07-20 02:02:17", "2017-07-20 02:02:17");
INSERT INTO `Goal` (`hoursPerWeek`, `weeklyBudget`, `headline`, `description`, `status`, `apprenticeId`, `createdAt`, `updatedAt`) VALUES (3, 218442, "Ex sapiente quibusdam illum.", "Minus sed officia vel ut voluptatum vel eos. Ad sed ut reiciendis quibusdam officia non assumenda necessitatibus fugit. Nam sunt excepturi fugit expedita harum voluptas. Dicta odit eaque at minima eveniet eos nisi dicta fugit.", "open", 6, "2017-10-18 03:45:46", "2017-10-18 03:45:46");
INSERT INTO `Goal` (`hoursPerWeek`, `weeklyBudget`, `headline`, `description`, `status`, `apprenticeId`, `createdAt`, `updatedAt`) VALUES (14, 376308, "Qui et dolorum autem et eius eos dicta deleniti.", "Quia iure error nisi nihil consequatur esse. Nisi quos omnis est quia delectus voluptates rerum sunt. Non dolor qui aut adipisci aut in itaque rerum architecto. Reiciendis aut cupiditate tempora eos rerum.", "open", 6, "2017-09-19 18:10:39", "2017-09-19 18:10:39");
INSERT INTO `MyUser` (`id`, `email`, `firstName`, `familyName`, `fbId`) VALUES (7, "Olin_Kunze@yahoo.com", "Beau", "Olson", 10000000007 );
INSERT INTO `UserLanguage` (`userId`, `languageId`) VALUES (7, 4);
INSERT INTO `Goal` (`hoursPerWeek`, `weeklyBudget`, `headline`, `description`, `status`, `apprenticeId`, `createdAt`, `updatedAt`) VALUES (26, 71683, "Officiis voluptas sint corporis quia qui vitae rem natus qui.", "Qui vitae et nisi deleniti ut nemo facere. Possimus saepe enim qui nam. Optio voluptatum omnis. Qui sint eum sint ducimus veniam omnis et veniam in.", "open", 7, "2017-06-21 21:51:58", "2017-06-21 21:51:58");
INSERT INTO `MyUser` (`id`, `email`, `firstName`, `familyName`, `fbId`) VALUES (8, "Fletcher.Cremin@gmail.com", "Noah", "Grimes", 10000000008 );
INSERT INTO `UserLanguage` (`userId`, `languageId`) VALUES (8, 6);
INSERT INTO `UserLanguage` (`userId`, `languageId`) VALUES (8, 10);
INSERT INTO `Goal` (`hoursPerWeek`, `weeklyBudget`, `headline`, `description`, `status`, `apprenticeId`, `createdAt`, `updatedAt`) VALUES (18, 128082, "Aut ut esse eum molestias ut sed autem.", "Fugit facilis delectus perspiciatis dolor nisi aspernatur voluptates expedita iste. Expedita minus est iusto enim error tenetur quaerat nihil. Vitae soluta ullam quam deserunt possimus rerum et magnam. Quia rem veniam velit.", "open", 8, "2017-06-25 05:07:29", "2017-06-25 05:07:29");
INSERT INTO `Goal` (`hoursPerWeek`, `weeklyBudget`, `headline`, `description`, `status`, `apprenticeId`, `createdAt`, `updatedAt`) VALUES (4, 53616, "Iste sequi occaecati.", "Sequi ipsam dolores magni. Tempore commodi labore beatae rerum porro quae est aut. Ut quae voluptas illum error eius sequi. Suscipit nostrum incidunt sint quia tempora necessitatibus illo deleniti.", "open", 8, "2017-07-10 20:26:03", "2017-07-10 20:26:03");
INSERT INTO `Goal` (`hoursPerWeek`, `weeklyBudget`, `headline`, `description`, `status`, `apprenticeId`, `createdAt`, `updatedAt`) VALUES (41, 115438, "Nobis excepturi ea.", "Nihil ducimus inventore non maxime. Ea dignissimos voluptas quis dolorum voluptas. Perspiciatis nam sint illum laudantium delectus aliquam quia omnis. Voluptatem placeat voluptates nostrum.", "open", 8, "2017-11-02 13:23:49", "2017-11-02 13:23:49");
INSERT INTO `MyUser` (`id`, `email`, `firstName`, `familyName`, `fbId`) VALUES (9, "Damaris80@hotmail.com", "Nathanial", "Konopelski", 10000000009 );
INSERT INTO `UserLanguage` (`userId`, `languageId`) VALUES (9, 5);
INSERT INTO `Goal` (`hoursPerWeek`, `weeklyBudget`, `headline`, `description`, `status`, `apprenticeId`, `createdAt`, `updatedAt`) VALUES (25, 33987, "Nostrum sit numquam voluptatem laboriosam quibusdam est ipsum animi beatae.", "Dolores ut et blanditiis veritatis. Molestias sunt qui. Deleniti quasi consequatur est dolor eos. Quia at iusto inventore ut enim ipsa qui nulla quis.", "open", 9, "2017-07-02 07:15:02", "2017-07-02 07:15:02");
INSERT INTO `Goal` (`hoursPerWeek`, `weeklyBudget`, `headline`, `description`, `status`, `apprenticeId`, `createdAt`, `updatedAt`) VALUES (32, 38272, "Aut voluptates blanditiis qui placeat.", "Id assumenda omnis laboriosam velit repudiandae nobis. Fugit reprehenderit ab molestiae temporibus quia. Sint adipisci molestiae sed laboriosam et autem. Et dolores voluptatum nam veritatis animi commodi.", "open", 9, "2017-07-05 13:00:13", "2017-07-05 13:00:13");
INSERT INTO `Goal` (`hoursPerWeek`, `weeklyBudget`, `headline`, `description`, `status`, `apprenticeId`, `createdAt`, `updatedAt`) VALUES (30, 203012, "Ad aperiam dolorem praesentium et hic culpa est qui.", "Aliquid totam labore error consequuntur et molestias eaque qui quae. Fuga numquam quaerat accusantium doloremque beatae ut ducimus dolor. A accusantium velit earum. Consequatur aut quos sint repellat rerum quod et.", "open", 9, "2017-09-06 09:40:46", "2017-09-06 09:40:46");
INSERT INTO `Goal` (`hoursPerWeek`, `weeklyBudget`, `headline`, `description`, `status`, `apprenticeId`, `createdAt`, `updatedAt`) VALUES (7, 183149, "Eos ipsa consequatur beatae eum.", "Hic cum voluptas est non magni soluta. Voluptas fugit et iste quasi qui voluptates asperiores sed voluptas. Cum et iure enim qui vitae et. Itaque cum rerum neque ducimus.", "open", 9, "2017-07-25 11:40:52", "2017-07-25 11:40:52");
INSERT INTO `MyUser` (`id`, `email`, `firstName`, `familyName`, `fbId`) VALUES (10, "Loma.Mann@gmail.com", "Morgan", "Waelchi", 10000000010 );
INSERT INTO `UserLanguage` (`userId`, `languageId`) VALUES (10, 3);
INSERT INTO `Goal` (`hoursPerWeek`, `weeklyBudget`, `headline`, `description`, `status`, `apprenticeId`, `createdAt`, `updatedAt`) VALUES (12, 326125, "Dolorem et qui minima modi sit dolorum velit ratione.", "Reprehenderit et distinctio laboriosam totam doloremque ducimus odio. Voluptas et accusantium sed commodi minima saepe. Officia expedita error ut ducimus ipsum sit id explicabo. Suscipit sequi asperiores cupiditate rerum fugit.", "open", 10, "2017-11-12 21:01:10", "2017-11-12 21:01:10");
INSERT INTO `MyUser` (`id`, `email`, `firstName`, `familyName`, `fbId`) VALUES (11, "Jackie.Cummings78@yahoo.com", "Mozell", "Grant", 10000000011 );
INSERT INTO `UserLanguage` (`userId`, `languageId`) VALUES (11, 7);
INSERT INTO `UserLanguage` (`userId`, `languageId`) VALUES (11, 8);
INSERT INTO `Goal` (`hoursPerWeek`, `weeklyBudget`, `headline`, `description`, `status`, `apprenticeId`, `createdAt`, `updatedAt`) VALUES (9, 92278, "Est illo aut et sed doloribus quis in labore.", "Voluptatem debitis est corrupti architecto laboriosam quia. Sint autem nobis et maxime sunt possimus. Sed perferendis excepturi. Deleniti non in aut quia asperiores ducimus.", "open", 11, "2017-07-24 18:02:23", "2017-07-24 18:02:23");
INSERT INTO `Goal` (`hoursPerWeek`, `weeklyBudget`, `headline`, `description`, `status`, `apprenticeId`, `createdAt`, `updatedAt`) VALUES (7, 170871, "Omnis voluptates excepturi.", "Similique quasi iure inventore vel suscipit neque. Omnis similique ab totam. Sit accusamus molestias sapiente repellendus aut enim minus qui. Et vel et ducimus vel inventore.", "open", 11, "2017-09-11 15:52:11", "2017-09-11 15:52:11");
INSERT INTO `Goal` (`hoursPerWeek`, `weeklyBudget`, `headline`, `description`, `status`, `apprenticeId`, `createdAt`, `updatedAt`) VALUES (9, 154260, "Deserunt ipsum similique cupiditate saepe cum ut quis qui.", "Enim ipsa in omnis eaque fugiat est. Necessitatibus porro aliquid illo earum nihil dolore et. Et consequatur fuga incidunt sit adipisci quisquam sed. Accusamus fuga harum animi.", "open", 11, "2017-08-29 18:58:56", "2017-08-29 18:58:56");
INSERT INTO `MyUser` (`id`, `email`, `firstName`, `familyName`, `fbId`) VALUES (12, "Myrl68@yahoo.com", "Norbert", "Hodkiewicz", 10000000012 );
INSERT INTO `UserLanguage` (`userId`, `languageId`) VALUES (12, 3);
INSERT INTO `Goal` (`hoursPerWeek`, `weeklyBudget`, `headline`, `description`, `status`, `apprenticeId`, `createdAt`, `updatedAt`) VALUES (11, 325537, "Perferendis sapiente dolorem cupiditate et itaque aliquam quia quam qui.", "Ut sunt incidunt soluta et quibusdam. Maxime recusandae a distinctio excepturi debitis libero. Tempora ducimus qui. Adipisci earum voluptates.", "open", 12, "2017-10-18 14:34:28", "2017-10-18 14:34:28");
INSERT INTO `MyUser` (`id`, `email`, `firstName`, `familyName`, `fbId`) VALUES (13, "Gaetano83@gmail.com", "Delilah", "Goyette", 10000000013 );
INSERT INTO `UserLanguage` (`userId`, `languageId`) VALUES (13, 10);
INSERT INTO `Goal` (`hoursPerWeek`, `weeklyBudget`, `headline`, `description`, `status`, `apprenticeId`, `createdAt`, `updatedAt`) VALUES (12, 201650, "Voluptate similique velit.", "Et non ullam quasi illum pariatur aut quo. Incidunt aliquam ut ullam rerum dolorem ab quibusdam. Cum harum est nisi explicabo et asperiores rerum eum. Iusto illo molestiae iusto doloremque voluptatem adipisci similique ut.", "open", 13, "2017-08-20 11:54:50", "2017-08-20 11:54:50");
INSERT INTO `Goal` (`hoursPerWeek`, `weeklyBudget`, `headline`, `description`, `status`, `apprenticeId`, `createdAt`, `updatedAt`) VALUES (14, 236622, "Corrupti quis placeat id molestiae a repudiandae.", "Laboriosam alias dolorem suscipit facere. Repellendus et qui voluptas expedita autem temporibus et quaerat. Ullam nihil deleniti. Dolores modi sed incidunt et distinctio omnis libero perferendis.", "open", 13, "2017-10-31 23:18:14", "2017-10-31 23:18:14");
INSERT INTO `MyUser` (`id`, `email`, `firstName`, `familyName`, `fbId`) VALUES (14, "Brant16@hotmail.com", "Roma", "Kris", 10000000014 );
INSERT INTO `UserLanguage` (`userId`, `languageId`) VALUES (14, 1);
INSERT INTO `Goal` (`hoursPerWeek`, `weeklyBudget`, `headline`, `description`, `status`, `apprenticeId`, `createdAt`, `updatedAt`) VALUES (4, 123711, "Sit eum modi accusamus ducimus qui omnis alias temporibus.", "Modi facere et recusandae magni est est enim provident. Et maiores placeat dicta et velit voluptas est assumenda rerum. Deleniti qui soluta. Et omnis et.", "open", 14, "2017-10-19 10:22:36", "2017-10-19 10:22:36");
INSERT INTO `Goal` (`hoursPerWeek`, `weeklyBudget`, `headline`, `description`, `status`, `apprenticeId`, `createdAt`, `updatedAt`) VALUES (9, 48489, "Adipisci alias sed consequuntur beatae quo est veritatis vitae.", "Impedit rerum exercitationem. Aliquid at qui voluptatibus aut sit et culpa consequuntur qui. Corporis dolores qui soluta exercitationem eos nulla eaque rerum. Inventore officia fuga et voluptate sed magni aut dolores.", "open", 14, "2017-06-25 14:57:26", "2017-06-25 14:57:26");
INSERT INTO `Goal` (`hoursPerWeek`, `weeklyBudget`, `headline`, `description`, `status`, `apprenticeId`, `createdAt`, `updatedAt`) VALUES (18, 166867, "Vero sunt in mollitia aut.", "Culpa quam veniam aliquid voluptas minima maxime sint voluptate. Unde ipsum enim vel est quibusdam dolor in. Quam consequatur est delectus sint quos. Eum qui aliquid quia.", "open", 14, "2017-09-01 00:25:10", "2017-09-01 00:25:10");
INSERT INTO `Goal` (`hoursPerWeek`, `weeklyBudget`, `headline`, `description`, `status`, `apprenticeId`, `createdAt`, `updatedAt`) VALUES (24, 195048, "Corporis ut officia dolorem voluptatem autem.", "Quis qui enim qui eos est vel blanditiis. Nihil voluptatibus aut eos sunt. Facilis omnis et fugit voluptatem doloremque temporibus ut voluptatum ullam. Qui architecto ullam non incidunt molestiae voluptatem placeat nostrum.", "open", 14, "2017-10-03 21:14:47", "2017-10-03 21:14:47");
INSERT INTO `MyUser` (`id`, `email`, `firstName`, `familyName`, `fbId`) VALUES (15, "Cassandre_Prosacco@yahoo.com", "Mariam", "Gorczany", 10000000015 );
INSERT INTO `UserLanguage` (`userId`, `languageId`) VALUES (15, 10);
INSERT INTO `Goal` (`hoursPerWeek`, `weeklyBudget`, `headline`, `description`, `status`, `apprenticeId`, `createdAt`, `updatedAt`) VALUES (19, 412517, "Accusamus et molestiae est illo quibusdam quo magnam similique doloremque.", "Earum soluta alias libero sapiente et saepe omnis voluptatem. Quia qui maxime est. Debitis laudantium autem officia maiores animi. Esse itaque fuga ut.", "open", 15, "2017-08-19 03:12:05", "2017-08-19 03:12:05");
INSERT INTO `Goal` (`hoursPerWeek`, `weeklyBudget`, `headline`, `description`, `status`, `apprenticeId`, `createdAt`, `updatedAt`) VALUES (21, 251852, "Et laudantium voluptatibus eum occaecati.", "Optio atque et temporibus. Omnis ut reiciendis accusantium. Ipsa dolore consequatur ad incidunt sed quis ipsam animi. Consequatur voluptatem fuga.", "open", 15, "2017-07-04 06:42:36", "2017-07-04 06:42:36");
INSERT INTO `Goal` (`hoursPerWeek`, `weeklyBudget`, `headline`, `description`, `status`, `apprenticeId`, `createdAt`, `updatedAt`) VALUES (17, 469201, "Autem est eaque dolores ipsam dolorem sequi ea sequi repellat.", "Est id vero quis dolores libero et. Eaque perspiciatis provident omnis. Sed sunt corrupti omnis est autem qui qui sit sed. Magnam libero sunt eveniet quia et incidunt.", "open", 15, "2017-07-17 08:42:34", "2017-07-17 08:42:34");
INSERT INTO `Goal` (`hoursPerWeek`, `weeklyBudget`, `headline`, `description`, `status`, `apprenticeId`, `createdAt`, `updatedAt`) VALUES (6, 461889, "Ab aut rerum.", "Reiciendis aspernatur est labore iste laudantium. Dolores impedit iure veritatis fuga sit excepturi quia omnis eveniet. Non labore autem. Quia vel beatae.", "open", 15, "2017-09-08 20:35:52", "2017-09-08 20:35:52");
INSERT INTO `MyUser` (`id`, `email`, `firstName`, `familyName`, `fbId`) VALUES (16, "Nora.Rempel@gmail.com", "Madisyn", "Walter", 10000000016 );
INSERT INTO `UserLanguage` (`userId`, `languageId`) VALUES (16, 2);
INSERT INTO `Goal` (`hoursPerWeek`, `weeklyBudget`, `headline`, `description`, `status`, `apprenticeId`, `createdAt`, `updatedAt`) VALUES (25, 59102, "Cum eius magni qui.", "Hic debitis saepe iste ea sit. Quisquam aliquam non voluptas inventore dolorum quo amet velit reprehenderit. Omnis amet ad consectetur eligendi modi necessitatibus nam ratione maiores. Quia ipsa labore reprehenderit.", "open", 16, "2017-10-24 02:41:46", "2017-10-24 02:41:46");
INSERT INTO `Goal` (`hoursPerWeek`, `weeklyBudget`, `headline`, `description`, `status`, `apprenticeId`, `createdAt`, `updatedAt`) VALUES (22, 394433, "Sunt autem esse.", "Consectetur molestias voluptates deserunt cum aut doloribus in ullam aspernatur. Iusto rem qui porro aut tempora expedita fuga. Cum voluptas tempore. A provident autem illo corrupti sunt voluptates qui odit sequi.", "open", 16, "2017-07-31 17:50:59", "2017-07-31 17:50:59");
INSERT INTO `Goal` (`hoursPerWeek`, `weeklyBudget`, `headline`, `description`, `status`, `apprenticeId`, `createdAt`, `updatedAt`) VALUES (37, 457953, "Inventore qui perspiciatis nam.", "Perferendis repellat nobis necessitatibus commodi voluptas ut occaecati incidunt. A quas eius est. In eligendi amet omnis ipsum aut. Voluptatem voluptate tempore aut debitis et voluptatem.", "open", 16, "2017-10-27 14:20:39", "2017-10-27 14:20:39");
INSERT INTO `Goal` (`hoursPerWeek`, `weeklyBudget`, `headline`, `description`, `status`, `apprenticeId`, `createdAt`, `updatedAt`) VALUES (39, 411239, "Tempore repudiandae expedita.", "Beatae quis natus. Quasi expedita delectus aut voluptate. Esse dolorum rerum. Blanditiis culpa officia quibusdam praesentium optio aliquam aut.", "open", 16, "2017-11-03 21:08:01", "2017-11-03 21:08:01");
INSERT INTO `MyUser` (`id`, `email`, `firstName`, `familyName`, `fbId`) VALUES (17, "Harmon.Moen@yahoo.com", "Norwood", "Berge", 10000000017 );
INSERT INTO `UserLanguage` (`userId`, `languageId`) VALUES (17, 7);
INSERT INTO `UserLanguage` (`userId`, `languageId`) VALUES (17, 2);
INSERT INTO `UserLanguage` (`userId`, `languageId`) VALUES (17, 8);
INSERT INTO `Goal` (`hoursPerWeek`, `weeklyBudget`, `headline`, `description`, `status`, `apprenticeId`, `createdAt`, `updatedAt`) VALUES (41, 21872, "Earum rem illum et et voluptate ut.", "Nihil qui laboriosam delectus qui exercitationem nemo quas enim sequi. Voluptatibus quae quisquam saepe doloremque corporis culpa cum maiores dolorem. Sint ea soluta et consequuntur nostrum quidem rerum. Non sapiente commodi nihil sunt sit dolores.", "open", 17, "2017-11-09 14:45:05", "2017-11-09 14:45:05");
INSERT INTO `Goal` (`hoursPerWeek`, `weeklyBudget`, `headline`, `description`, `status`, `apprenticeId`, `createdAt`, `updatedAt`) VALUES (8, 467739, "Tempore a et accusantium blanditiis ipsa iusto tenetur sed.", "Ullam sapiente ut nihil culpa incidunt magni. Et possimus ab ut consequatur voluptates similique sint perspiciatis. Et nam non quidem perferendis quibusdam doloribus ut ducimus. Est voluptatibus est.", "open", 17, "2017-08-04 22:38:04", "2017-08-04 22:38:04");
INSERT INTO `Goal` (`hoursPerWeek`, `weeklyBudget`, `headline`, `description`, `status`, `apprenticeId`, `createdAt`, `updatedAt`) VALUES (6, 155737, "Quo nihil excepturi.", "Vel deleniti sapiente voluptas perferendis autem alias. Vero corrupti quia. Sint temporibus odit vitae nulla esse libero nesciunt ea rem. Harum ex sit adipisci amet consequatur totam quae.", "open", 17, "2017-11-02 18:49:12", "2017-11-02 18:49:12");
INSERT INTO `Goal` (`hoursPerWeek`, `weeklyBudget`, `headline`, `description`, `status`, `apprenticeId`, `createdAt`, `updatedAt`) VALUES (35, 24259, "Doloribus blanditiis fuga illum facere adipisci corporis sint.", "Dolor consequatur recusandae nesciunt at blanditiis est beatae. Sunt dolor iure eos beatae. Beatae rem velit qui aspernatur id soluta facilis. Non fugiat ut alias pariatur ratione repellat cupiditate.", "open", 17, "2017-11-03 06:58:48", "2017-11-03 06:58:48");
INSERT INTO `MyUser` (`id`, `email`, `firstName`, `familyName`, `fbId`) VALUES (18, "Estella.Christiansen38@yahoo.com", "Cristal", "Gottlieb", 10000000018 );
INSERT INTO `UserLanguage` (`userId`, `languageId`) VALUES (18, 6);
INSERT INTO `UserLanguage` (`userId`, `languageId`) VALUES (18, 1);
INSERT INTO `UserLanguage` (`userId`, `languageId`) VALUES (18, 2);
INSERT INTO `Goal` (`hoursPerWeek`, `weeklyBudget`, `headline`, `description`, `status`, `apprenticeId`, `createdAt`, `updatedAt`) VALUES (36, 276085, "Dolorum odio incidunt consequatur in optio est a et eum.", "Aut labore harum suscipit ut labore sit. Aut sed magnam. Facilis nostrum sapiente. Alias suscipit cupiditate.", "open", 18, "2017-09-29 00:38:44", "2017-09-29 00:38:44");
INSERT INTO `Goal` (`hoursPerWeek`, `weeklyBudget`, `headline`, `description`, `status`, `apprenticeId`, `createdAt`, `updatedAt`) VALUES (1, 216801, "Voluptates commodi expedita est similique reiciendis eos.", "Accusamus maiores libero necessitatibus aspernatur quis et suscipit illum. Repellat culpa nam id. Maiores beatae quia eaque aut provident. Consequatur optio et debitis.", "open", 18, "2017-08-02 05:39:11", "2017-08-02 05:39:11");
INSERT INTO `MyUser` (`id`, `email`, `firstName`, `familyName`, `fbId`) VALUES (19, "Rogers.Funk85@gmail.com", "Kelly", "Jacobs", 10000000019 );
INSERT INTO `UserLanguage` (`userId`, `languageId`) VALUES (19, 7);
INSERT INTO `UserLanguage` (`userId`, `languageId`) VALUES (19, 6);
INSERT INTO `UserLanguage` (`userId`, `languageId`) VALUES (19, 4);
INSERT INTO `Goal` (`hoursPerWeek`, `weeklyBudget`, `headline`, `description`, `status`, `apprenticeId`, `createdAt`, `updatedAt`) VALUES (24, 496015, "Ex ipsa architecto qui ad.", "Blanditiis consectetur sit suscipit modi. Et qui perspiciatis laboriosam voluptatibus voluptates praesentium non non. Quod sit culpa. Suscipit qui vitae aut delectus assumenda minus.", "open", 19, "2017-09-16 08:22:07", "2017-09-16 08:22:07");
INSERT INTO `Goal` (`hoursPerWeek`, `weeklyBudget`, `headline`, `description`, `status`, `apprenticeId`, `createdAt`, `updatedAt`) VALUES (27, 445082, "Et sint sed dolores cumque.", "Ipsam ducimus possimus fugit molestiae tempore aliquam. Eos nostrum sit placeat maiores praesentium dolore aut. Culpa deserunt nihil impedit sint in voluptatem illo. Nostrum consequatur debitis et.", "open", 19, "2017-07-20 13:05:01", "2017-07-20 13:05:01");
INSERT INTO `MyUser` (`id`, `email`, `firstName`, `familyName`, `fbId`) VALUES (20, "Susana43@hotmail.com", "Kenton", "Collier", 10000000020 );
INSERT INTO `UserLanguage` (`userId`, `languageId`) VALUES (20, 9);
INSERT INTO `UserLanguage` (`userId`, `languageId`) VALUES (20, 5);
INSERT INTO `Goal` (`hoursPerWeek`, `weeklyBudget`, `headline`, `description`, `status`, `apprenticeId`, `createdAt`, `updatedAt`) VALUES (32, 431215, "Excepturi doloremque neque veniam quia qui sint nesciunt.", "Aperiam deserunt vel. Voluptatem accusantium voluptatem. Rerum vel veniam repellendus. Quibusdam doloremque libero dignissimos error vel.", "open", 20, "2017-08-21 20:32:23", "2017-08-21 20:32:23");
INSERT INTO `Goal` (`hoursPerWeek`, `weeklyBudget`, `headline`, `description`, `status`, `apprenticeId`, `createdAt`, `updatedAt`) VALUES (14, 149165, "Adipisci explicabo ratione itaque aut ea officiis nesciunt voluptates dolore.", "Quam eius inventore. Magni quam nostrum quibusdam perferendis eum alias excepturi doloremque delectus. Ea voluptas alias dolore totam nemo. Delectus exercitationem et repudiandae animi.", "open", 20, "2017-07-16 04:58:31", "2017-07-16 04:58:31");
INSERT INTO `Goal` (`hoursPerWeek`, `weeklyBudget`, `headline`, `description`, `status`, `apprenticeId`, `createdAt`, `updatedAt`) VALUES (30, 324821, "Ducimus corporis et ea.", "Ut nostrum ducimus autem itaque asperiores id sint qui. Qui et dignissimos dolores reiciendis aspernatur. Voluptatem non provident voluptatem qui voluptates. Autem est nulla consequatur consequatur quas labore blanditiis sed.", "open", 20, "2017-07-24 05:43:31", "2017-07-24 05:43:31");
INSERT INTO `MyUser` (`id`, `email`, `firstName`, `familyName`, `fbId`) VALUES (21, "Reyes.Bergnaum91@gmail.com", "Neil", "Reichel", 10000000021 );
INSERT INTO `UserLanguage` (`userId`, `languageId`) VALUES (21, 1);
INSERT INTO `Goal` (`hoursPerWeek`, `weeklyBudget`, `headline`, `description`, `status`, `apprenticeId`, `createdAt`, `updatedAt`) VALUES (25, 123907, "Ipsam quibusdam atque fugit accusantium necessitatibus dolore et modi.", "Autem eius commodi enim eum ea consequatur id natus. Accusamus voluptatem non ea. Aspernatur culpa omnis est dolores sapiente eveniet vel. Dolore eius velit impedit delectus eos.", "open", 21, "2017-08-09 10:19:19", "2017-08-09 10:19:19");
INSERT INTO `MyUser` (`id`, `email`, `firstName`, `familyName`, `fbId`) VALUES (22, "Lewis82@yahoo.com", "Joanie", "Wunsch", 10000000022 );
INSERT INTO `UserLanguage` (`userId`, `languageId`) VALUES (22, 6);
INSERT INTO `Goal` (`hoursPerWeek`, `weeklyBudget`, `headline`, `description`, `status`, `apprenticeId`, `createdAt`, `updatedAt`) VALUES (3, 110148, "Reprehenderit provident alias voluptate repellendus.", "Sed impedit non fuga non iste iste voluptatum autem optio. Aspernatur architecto rerum. Praesentium ut corporis ab non facilis. Expedita commodi quam.", "open", 22, "2017-09-24 20:18:52", "2017-09-24 20:18:52");
INSERT INTO `MyUser` (`id`, `email`, `firstName`, `familyName`, `fbId`) VALUES (23, "Brendon_Rolfson@gmail.com", "Bret", "Keeling", 10000000023 );
INSERT INTO `UserLanguage` (`userId`, `languageId`) VALUES (23, 8);
INSERT INTO `Goal` (`hoursPerWeek`, `weeklyBudget`, `headline`, `description`, `status`, `apprenticeId`, `createdAt`, `updatedAt`) VALUES (20, 81520, "Optio dolorum vel ullam.", "Illo atque nihil. Aut est incidunt fugit natus impedit vel omnis consequuntur quis. Illum aperiam quia. Repellat repellendus sint.", "open", 23, "2017-07-21 11:08:47", "2017-07-21 11:08:47");
INSERT INTO `Goal` (`hoursPerWeek`, `weeklyBudget`, `headline`, `description`, `status`, `apprenticeId`, `createdAt`, `updatedAt`) VALUES (16, 310064, "Sed accusantium ut vel accusantium voluptatum tenetur ab.", "Pariatur voluptatem molestiae ullam assumenda sit. Hic vero molestias suscipit laudantium voluptatem pariatur. Temporibus odio fugiat tempore nihil mollitia omnis ea odit quia. Commodi optio quasi.", "open", 23, "2017-08-11 11:54:57", "2017-08-11 11:54:57");
INSERT INTO `Goal` (`hoursPerWeek`, `weeklyBudget`, `headline`, `description`, `status`, `apprenticeId`, `createdAt`, `updatedAt`) VALUES (32, 245516, "Tempora reiciendis vel eum at reiciendis voluptas tempore.", "Quia est ea commodi. Illo vel non cupiditate perferendis deserunt alias pariatur enim aut. Sit laborum non omnis quas. Voluptatum similique aliquam.", "open", 23, "2017-09-03 10:10:15", "2017-09-03 10:10:15");
INSERT INTO `Goal` (`hoursPerWeek`, `weeklyBudget`, `headline`, `description`, `status`, `apprenticeId`, `createdAt`, `updatedAt`) VALUES (18, 167868, "Commodi labore dolores cum sint quo aliquam.", "Aut aut beatae. Nam eos illum voluptas rerum vero. Aut quod laboriosam. Dolores fuga quam provident.", "open", 23, "2017-06-25 13:27:49", "2017-06-25 13:27:49");
INSERT INTO `MyUser` (`id`, `email`, `firstName`, `familyName`, `fbId`) VALUES (24, "Cielo_Smitham68@hotmail.com", "Geoffrey", "Schmeler", 10000000024 );
INSERT INTO `UserLanguage` (`userId`, `languageId`) VALUES (24, 1);
INSERT INTO `Goal` (`hoursPerWeek`, `weeklyBudget`, `headline`, `description`, `status`, `apprenticeId`, `createdAt`, `updatedAt`) VALUES (29, 16992, "Reiciendis corrupti voluptas voluptate ut velit et quia cumque.", "Iure aut illum voluptate fuga nihil nostrum fuga vel. Optio ut omnis nostrum maiores. Quo iste aut rerum amet dolore. Vel maiores sapiente delectus repellat eveniet voluptatibus est.", "open", 24, "2017-08-14 22:27:51", "2017-08-14 22:27:51");
INSERT INTO `Goal` (`hoursPerWeek`, `weeklyBudget`, `headline`, `description`, `status`, `apprenticeId`, `createdAt`, `updatedAt`) VALUES (25, 399563, "Eum id eum sapiente sed aut alias.", "Eius aut mollitia magni tempora voluptas tempora molestiae deserunt. Voluptatem ea qui ut molestias. Sunt ratione velit. Et ea voluptatem aut animi voluptatem modi.", "open", 24, "2017-07-20 13:27:21", "2017-07-20 13:27:21");
INSERT INTO `MyUser` (`id`, `email`, `firstName`, `familyName`, `fbId`) VALUES (25, "Belle26@yahoo.com", "Hailey", "Bashirian", 10000000025 );
INSERT INTO `UserLanguage` (`userId`, `languageId`) VALUES (25, 4);
INSERT INTO `Goal` (`hoursPerWeek`, `weeklyBudget`, `headline`, `description`, `status`, `apprenticeId`, `createdAt`, `updatedAt`) VALUES (20, 254542, "Non qui aut ipsam ut.", "Dolores odio quas. Exercitationem ab quo nihil iure doloribus exercitationem et qui. Libero eius inventore ipsum ut tempora error voluptatem tenetur. Voluptatem voluptatem ipsum aspernatur.", "open", 25, "2017-09-16 10:08:18", "2017-09-16 10:08:18");
INSERT INTO `Goal` (`hoursPerWeek`, `weeklyBudget`, `headline`, `description`, `status`, `apprenticeId`, `createdAt`, `updatedAt`) VALUES (12, 358609, "Deserunt consequatur deleniti nihil.", "Voluptas doloremque dolorem magnam harum laboriosam error repellendus excepturi perferendis. Est molestiae reprehenderit. Sed quis quos omnis ut iure voluptas modi officiis assumenda. Adipisci accusantium dolorem et atque.", "open", 25, "2017-11-10 04:40:07", "2017-11-10 04:40:07");
INSERT INTO `Goal` (`hoursPerWeek`, `weeklyBudget`, `headline`, `description`, `status`, `apprenticeId`, `createdAt`, `updatedAt`) VALUES (17, 268784, "Sit eius vitae molestiae deserunt.", "Nisi ut est nemo quidem eius vel hic dolor et. Quia quia quos ut voluptate totam dolore magni qui accusantium. Architecto eveniet ea voluptas ea voluptas. Eum aut corrupti rerum reprehenderit hic tenetur corporis rerum.", "open", 25, "2017-08-16 02:25:14", "2017-08-16 02:25:14");
INSERT INTO `Goal` (`hoursPerWeek`, `weeklyBudget`, `headline`, `description`, `status`, `apprenticeId`, `createdAt`, `updatedAt`) VALUES (9, 214981, "Blanditiis natus eius ut.", "Est omnis dolores veritatis. Rem corporis maiores. Ducimus in tenetur ducimus corrupti. Quia nihil laboriosam repellat soluta mollitia natus.", "open", 25, "2017-08-13 16:07:32", "2017-08-13 16:07:32");
INSERT INTO `MyUser` (`id`, `email`, `firstName`, `familyName`, `fbId`) VALUES (26, "Keyon16@gmail.com", "Earl", "Stracke", 10000000026 );
INSERT INTO `UserLanguage` (`userId`, `languageId`) VALUES (26, 6);
INSERT INTO `UserLanguage` (`userId`, `languageId`) VALUES (26, 4);
INSERT INTO `Goal` (`hoursPerWeek`, `weeklyBudget`, `headline`, `description`, `status`, `apprenticeId`, `createdAt`, `updatedAt`) VALUES (31, 258805, "Quae enim assumenda fugit delectus possimus autem voluptatem.", "Ducimus sunt debitis sunt est omnis quis nam quia voluptas. Et aspernatur libero autem. Praesentium hic enim ipsa delectus ea. Ad qui placeat quod repudiandae atque voluptatem repellat eligendi asperiores.", "open", 26, "2017-11-09 09:11:22", "2017-11-09 09:11:22");
INSERT INTO `Goal` (`hoursPerWeek`, `weeklyBudget`, `headline`, `description`, `status`, `apprenticeId`, `createdAt`, `updatedAt`) VALUES (22, 429155, "Exercitationem nihil optio qui veritatis hic.", "Est atque error atque aspernatur. Ut quaerat sunt impedit quia. Illo voluptas accusamus optio quia voluptatibus eaque assumenda cum. Qui aut voluptas magnam est voluptas tenetur odit.", "open", 26, "2017-11-16 13:41:32", "2017-11-16 13:41:32");
INSERT INTO `Goal` (`hoursPerWeek`, `weeklyBudget`, `headline`, `description`, `status`, `apprenticeId`, `createdAt`, `updatedAt`) VALUES (15, 250879, "Doloribus qui veniam iure rerum minima.", "Vitae esse non eligendi nobis consequatur quae. Expedita alias repellat alias sequi non voluptates eos eos. Praesentium quos vitae. Architecto doloribus alias et quod non iste laboriosam.", "open", 26, "2017-06-29 01:49:48", "2017-06-29 01:49:48");
INSERT INTO `Goal` (`hoursPerWeek`, `weeklyBudget`, `headline`, `description`, `status`, `apprenticeId`, `createdAt`, `updatedAt`) VALUES (11, 108048, "Facilis est et.", "Alias sed fuga. Ut temporibus ducimus debitis dolor exercitationem et minus incidunt. Eius nisi et et suscipit. Corporis quis debitis quisquam blanditiis omnis velit cupiditate dolor.", "open", 26, "2017-09-30 07:18:22", "2017-09-30 07:18:22");
INSERT INTO `MyUser` (`id`, `email`, `firstName`, `familyName`, `fbId`) VALUES (27, "Kamren_Greenholt14@hotmail.com", "Marcelle", "Pollich", 10000000027 );
INSERT INTO `UserLanguage` (`userId`, `languageId`) VALUES (27, 5);
INSERT INTO `UserLanguage` (`userId`, `languageId`) VALUES (27, 2);
INSERT INTO `UserLanguage` (`userId`, `languageId`) VALUES (27, 4);
INSERT INTO `Goal` (`hoursPerWeek`, `weeklyBudget`, `headline`, `description`, `status`, `apprenticeId`, `createdAt`, `updatedAt`) VALUES (4, 489221, "Consequatur inventore non quia sed et est aut.", "Sit eos recusandae. Ut aliquam enim quasi illo illo optio cum est. Et reiciendis dolore voluptas quis. Occaecati qui corrupti consequatur perspiciatis quisquam quis sed et.", "open", 27, "2017-06-23 14:22:43", "2017-06-23 14:22:43");
INSERT INTO `Goal` (`hoursPerWeek`, `weeklyBudget`, `headline`, `description`, `status`, `apprenticeId`, `createdAt`, `updatedAt`) VALUES (27, 78918, "Eius temporibus error dolorem et corporis provident rerum.", "Et quam nihil modi quo est est ipsam sed qui. Error dignissimos sequi distinctio qui et ipsum autem. Rerum sunt mollitia molestias. Blanditiis dolores praesentium labore minima voluptatum quia.", "open", 27, "2017-09-03 19:14:02", "2017-09-03 19:14:02");
INSERT INTO `MyUser` (`id`, `email`, `firstName`, `familyName`, `fbId`) VALUES (28, "Alberta_Johnston5@hotmail.com", "Malinda", "Corwin", 10000000028 );
INSERT INTO `UserLanguage` (`userId`, `languageId`) VALUES (28, 5);
INSERT INTO `UserLanguage` (`userId`, `languageId`) VALUES (28, 10);
INSERT INTO `Goal` (`hoursPerWeek`, `weeklyBudget`, `headline`, `description`, `status`, `apprenticeId`, `createdAt`, `updatedAt`) VALUES (13, 56291, "Reprehenderit voluptas velit iusto voluptas.", "Harum aut vel repellat voluptas in sed ut qui. Alias nostrum atque laborum eos voluptas. Culpa inventore et ut perferendis ullam aut id eius ut. Deleniti laborum aut numquam omnis.", "open", 28, "2017-07-31 14:11:02", "2017-07-31 14:11:02");
INSERT INTO `MyUser` (`id`, `email`, `firstName`, `familyName`, `fbId`) VALUES (29, "Hailie.Mraz73@yahoo.com", "Kay", "Little", 10000000029 );
INSERT INTO `UserLanguage` (`userId`, `languageId`) VALUES (29, 5);
INSERT INTO `Goal` (`hoursPerWeek`, `weeklyBudget`, `headline`, `description`, `status`, `apprenticeId`, `createdAt`, `updatedAt`) VALUES (8, 193792, "Dolorum neque aliquam.", "Laudantium omnis et totam et aut optio. Sunt aut aperiam voluptas qui. Et sapiente dolorem voluptas esse autem rerum. Sapiente repudiandae sapiente occaecati quia pariatur ullam nobis sit odit.", "open", 29, "2017-08-21 03:35:31", "2017-08-21 03:35:31");
INSERT INTO `Goal` (`hoursPerWeek`, `weeklyBudget`, `headline`, `description`, `status`, `apprenticeId`, `createdAt`, `updatedAt`) VALUES (25, 454882, "Aliquam et temporibus asperiores accusantium quidem libero.", "Libero earum amet cumque omnis repellendus quos. Cum amet ut adipisci cumque fuga maxime. Unde culpa natus nesciunt est aut. Sed iusto magni.", "open", 29, "2017-10-28 00:40:35", "2017-10-28 00:40:35");
INSERT INTO `Goal` (`hoursPerWeek`, `weeklyBudget`, `headline`, `description`, `status`, `apprenticeId`, `createdAt`, `updatedAt`) VALUES (5, 381230, "Et soluta vero laborum qui natus facere autem vitae a.", "Delectus sunt sint velit voluptas autem vel nemo esse. Hic quae ea et perspiciatis vitae dolores. Ipsum perferendis et velit ut voluptatem nam deserunt unde esse. Autem repellendus eaque corporis neque debitis iusto vero.", "open", 29, "2017-07-06 07:51:30", "2017-07-06 07:51:30");
INSERT INTO `Goal` (`hoursPerWeek`, `weeklyBudget`, `headline`, `description`, `status`, `apprenticeId`, `createdAt`, `updatedAt`) VALUES (23, 377181, "Nulla qui error cum sed cum corporis et consectetur enim.", "Quas esse et id consequatur voluptatem excepturi ut quia quis. Et quia consequatur reiciendis qui rerum velit est ut. Et quia facere tenetur non sit sit est quasi. Quisquam reiciendis cum molestiae enim animi ut excepturi.", "open", 29, "2017-08-28 12:46:05", "2017-08-28 12:46:05");
INSERT INTO `MyUser` (`id`, `email`, `firstName`, `familyName`, `fbId`) VALUES (30, "Carter.Dach69@gmail.com", "Tyreek", "Dare", 10000000030 );
INSERT INTO `UserLanguage` (`userId`, `languageId`) VALUES (30, 7);
INSERT INTO `UserLanguage` (`userId`, `languageId`) VALUES (30, 10);
INSERT INTO `Goal` (`hoursPerWeek`, `weeklyBudget`, `headline`, `description`, `status`, `apprenticeId`, `createdAt`, `updatedAt`) VALUES (24, 129565, "Aut tenetur placeat voluptates non fuga voluptas dignissimos quis.", "Quibusdam excepturi perferendis. Voluptas omnis amet. Non animi quaerat et vitae. Inventore et nulla neque velit labore voluptate incidunt.", "open", 30, "2017-07-04 08:07:16", "2017-07-04 08:07:16");
INSERT INTO `Goal` (`hoursPerWeek`, `weeklyBudget`, `headline`, `description`, `status`, `apprenticeId`, `createdAt`, `updatedAt`) VALUES (11, 210570, "Est sunt iste.", "Beatae doloremque omnis atque necessitatibus atque iusto consequatur voluptates mollitia. Maxime atque facilis odit saepe porro. Laudantium consectetur iure ut doloribus dolorem odit corporis. Accusamus corporis placeat voluptatem similique animi sequi voluptates minima.", "open", 30, "2017-07-18 00:35:56", "2017-07-18 00:35:56");
INSERT INTO `Goal` (`hoursPerWeek`, `weeklyBudget`, `headline`, `description`, `status`, `apprenticeId`, `createdAt`, `updatedAt`) VALUES (22, 426227, "Totam dignissimos assumenda sed.", "Vero sed eos reiciendis sunt illum ea voluptate expedita et. Quia accusantium eos et architecto sint odio. Deserunt nostrum molestiae aut unde aut veritatis excepturi. Culpa quod magnam nobis aut est eligendi ut modi.", "open", 30, "2017-10-14 02:21:13", "2017-10-14 02:21:13");
INSERT INTO `MyUser` (`id`, `email`, `firstName`, `familyName`, `fbId`) VALUES (31, "Ava.Conn57@hotmail.com", "Vivienne", "Wuckert", 10000000031 );
INSERT INTO `UserLanguage` (`userId`, `languageId`) VALUES (31, 2);
INSERT INTO `UserLanguage` (`userId`, `languageId`) VALUES (31, 4);
INSERT INTO `UserLanguage` (`userId`, `languageId`) VALUES (31, 10);
INSERT INTO `Goal` (`hoursPerWeek`, `weeklyBudget`, `headline`, `description`, `status`, `apprenticeId`, `createdAt`, `updatedAt`) VALUES (21, 311138, "Quo et aspernatur numquam quia fugiat odit aperiam repellat.", "Quibusdam occaecati eligendi doloribus. Fugiat vel natus quibusdam laudantium totam. Aut voluptas nobis et vel adipisci aut reprehenderit. Beatae ut sunt recusandae delectus dolor et eius.", "open", 31, "2017-10-08 21:57:30", "2017-10-08 21:57:30");
INSERT INTO `Goal` (`hoursPerWeek`, `weeklyBudget`, `headline`, `description`, `status`, `apprenticeId`, `createdAt`, `updatedAt`) VALUES (1, 173275, "Et necessitatibus ex voluptatem veritatis consequatur voluptatem nemo omnis.", "Explicabo autem quasi. Qui ut omnis neque perferendis omnis molestias excepturi ut. Vero enim itaque voluptas odio occaecati atque quaerat cumque a. Est aut alias enim dolores provident.", "open", 31, "2017-11-16 22:42:47", "2017-11-16 22:42:47");
INSERT INTO `Goal` (`hoursPerWeek`, `weeklyBudget`, `headline`, `description`, `status`, `apprenticeId`, `createdAt`, `updatedAt`) VALUES (30, 461778, "Architecto aut non rem earum sapiente minima tempore iure delectus.", "Facere quia quidem cupiditate ea ea unde repellendus voluptate et. Ut sit consequatur libero. Quis in dolor occaecati officia. Nam maxime odit consequatur.", "open", 31, "2017-11-15 20:06:01", "2017-11-15 20:06:01");
INSERT INTO `MyUser` (`id`, `email`, `firstName`, `familyName`, `fbId`) VALUES (32, "Fidel6@gmail.com", "Oleta", "Legros", 10000000032 );
INSERT INTO `UserLanguage` (`userId`, `languageId`) VALUES (32, 1);
INSERT INTO `Goal` (`hoursPerWeek`, `weeklyBudget`, `headline`, `description`, `status`, `apprenticeId`, `createdAt`, `updatedAt`) VALUES (10, 253929, "Vel corrupti quam labore assumenda non velit blanditiis quis alias.", "Dolorem rerum nulla et fuga. Autem sint deleniti dolore exercitationem quia fugiat unde est. Culpa voluptatibus aperiam temporibus autem minus repellendus qui. Illum minus et a.", "open", 32, "2017-06-28 06:07:03", "2017-06-28 06:07:03");
INSERT INTO `MyUser` (`id`, `email`, `firstName`, `familyName`, `fbId`) VALUES (33, "Imani.Farrell64@yahoo.com", "Julie", "Mosciski", 10000000033 );
INSERT INTO `UserLanguage` (`userId`, `languageId`) VALUES (33, 1);
INSERT INTO `Goal` (`hoursPerWeek`, `weeklyBudget`, `headline`, `description`, `status`, `apprenticeId`, `createdAt`, `updatedAt`) VALUES (29, 20779, "Facilis blanditiis magnam dolorem.", "Aperiam fugiat quis enim aut cumque. Recusandae molestiae quaerat. Repellat aliquam ut ex. Est minima est ullam nihil sed vitae magni consequatur.", "open", 33, "2017-09-27 09:01:14", "2017-09-27 09:01:14");
INSERT INTO `Goal` (`hoursPerWeek`, `weeklyBudget`, `headline`, `description`, `status`, `apprenticeId`, `createdAt`, `updatedAt`) VALUES (24, 410175, "Occaecati amet ipsum fugiat possimus tempore sit corrupti.", "Totam autem atque sunt. Sunt voluptas est tempora consequatur molestiae omnis at est repellendus. Et eos numquam. Et minus adipisci illum odit deserunt cumque.", "open", 33, "2017-07-23 19:42:07", "2017-07-23 19:42:07");
INSERT INTO `Goal` (`hoursPerWeek`, `weeklyBudget`, `headline`, `description`, `status`, `apprenticeId`, `createdAt`, `updatedAt`) VALUES (27, 45991, "Maxime aut illo voluptatem in possimus amet eum ut error.", "Ut aut consequatur porro aut et ut. Nostrum cupiditate harum. Ipsam quia quidem dolorem sit minima qui blanditiis. Esse earum earum earum rerum nostrum temporibus et totam provident.", "open", 33, "2017-09-19 00:21:57", "2017-09-19 00:21:57");
INSERT INTO `Goal` (`hoursPerWeek`, `weeklyBudget`, `headline`, `description`, `status`, `apprenticeId`, `createdAt`, `updatedAt`) VALUES (29, 176655, "Ut illum id nam nemo tempore nam.", "Omnis quod sapiente nam quia tenetur. At blanditiis est architecto et itaque repudiandae est qui quia. Quia nam quod officiis nisi doloribus necessitatibus quos. Exercitationem non omnis totam ex maiores mollitia soluta.", "open", 33, "2017-08-04 09:15:33", "2017-08-04 09:15:33");
INSERT INTO `MyUser` (`id`, `email`, `firstName`, `familyName`, `fbId`) VALUES (34, "Jadyn.Kris37@hotmail.com", "Chanelle", "Hirthe", 10000000034 );
INSERT INTO `UserLanguage` (`userId`, `languageId`) VALUES (34, 1);
INSERT INTO `Goal` (`hoursPerWeek`, `weeklyBudget`, `headline`, `description`, `status`, `apprenticeId`, `createdAt`, `updatedAt`) VALUES (21, 475597, "Esse non laboriosam minima.", "Voluptate molestiae voluptatum est accusantium explicabo repellat. Et placeat sit voluptas sit vel voluptatem inventore. At laudantium nam eum blanditiis rerum atque corporis vitae adipisci. Officia praesentium aperiam eos rem maiores necessitatibus nesciunt est.", "open", 34, "2017-06-27 03:34:17", "2017-06-27 03:34:17");
INSERT INTO `Goal` (`hoursPerWeek`, `weeklyBudget`, `headline`, `description`, `status`, `apprenticeId`, `createdAt`, `updatedAt`) VALUES (16, 10558, "Rerum voluptatem voluptas quam ab qui facere dolorum.", "Quod unde error. Ab deleniti reiciendis. Incidunt aut laudantium. Voluptas omnis pariatur aut.", "open", 34, "2017-08-06 01:59:36", "2017-08-06 01:59:36");
INSERT INTO `Goal` (`hoursPerWeek`, `weeklyBudget`, `headline`, `description`, `status`, `apprenticeId`, `createdAt`, `updatedAt`) VALUES (2, 81638, "Et rerum maxime architecto voluptas consectetur aut magni.", "Dolor omnis laudantium. Autem dolor vel animi. Eligendi fugit voluptates officiis libero hic natus. Et commodi enim.", "open", 34, "2017-11-14 04:25:17", "2017-11-14 04:25:17");
INSERT INTO `MyUser` (`id`, `email`, `firstName`, `familyName`, `fbId`) VALUES (35, "Noe_Tremblay@hotmail.com", "Scot", "Mann", 10000000035 );
INSERT INTO `UserLanguage` (`userId`, `languageId`) VALUES (35, 8);
INSERT INTO `UserLanguage` (`userId`, `languageId`) VALUES (35, 7);
INSERT INTO `Goal` (`hoursPerWeek`, `weeklyBudget`, `headline`, `description`, `status`, `apprenticeId`, `createdAt`, `updatedAt`) VALUES (35, 227762, "Ex quos ut optio sit delectus blanditiis qui.", "Vel aut odio quos ipsa cupiditate mollitia quidem voluptas culpa. Suscipit omnis est minus. Sint in aut quidem deserunt enim. Fugit quia est et explicabo corrupti voluptas nisi minima.", "open", 35, "2017-11-11 12:18:58", "2017-11-11 12:18:58");
INSERT INTO `Goal` (`hoursPerWeek`, `weeklyBudget`, `headline`, `description`, `status`, `apprenticeId`, `createdAt`, `updatedAt`) VALUES (16, 403914, "Ipsa occaecati doloribus adipisci aliquam fuga.", "Iste quis exercitationem. Omnis laboriosam non quis molestiae eligendi quas ut. Ratione aut sint. Est ut eum et explicabo.", "open", 35, "2017-09-21 18:39:21", "2017-09-21 18:39:21");
INSERT INTO `Goal` (`hoursPerWeek`, `weeklyBudget`, `headline`, `description`, `status`, `apprenticeId`, `createdAt`, `updatedAt`) VALUES (11, 26235, "Facilis saepe perspiciatis similique ea neque est dicta inventore.", "Iure quibusdam iusto ex qui sequi. Blanditiis quis enim optio totam. Autem placeat pariatur perspiciatis perferendis facere laborum natus. Ullam et veritatis voluptas veritatis.", "open", 35, "2017-08-07 17:21:25", "2017-08-07 17:21:25");
INSERT INTO `Goal` (`hoursPerWeek`, `weeklyBudget`, `headline`, `description`, `status`, `apprenticeId`, `createdAt`, `updatedAt`) VALUES (19, 448671, "Non rerum alias nam ex ut animi sequi ad.", "Impedit aut facilis nam quidem similique eligendi. Placeat quo dignissimos ut non animi at officiis est saepe. Nemo id sit et. Sint doloribus ducimus facere perferendis aut et porro perspiciatis.", "open", 35, "2017-10-15 20:21:26", "2017-10-15 20:21:26");
INSERT INTO `MyUser` (`id`, `email`, `firstName`, `familyName`, `fbId`) VALUES (36, "Idella16@hotmail.com", "Colleen", "Dietrich", 10000000036 );
INSERT INTO `UserLanguage` (`userId`, `languageId`) VALUES (36, 3);
INSERT INTO `UserLanguage` (`userId`, `languageId`) VALUES (36, 2);
INSERT INTO `Goal` (`hoursPerWeek`, `weeklyBudget`, `headline`, `description`, `status`, `apprenticeId`, `createdAt`, `updatedAt`) VALUES (5, 353485, "Consequatur et quia consequatur nulla.", "Provident maiores asperiores ab inventore qui et officiis. Officia neque nisi. Et molestiae qui omnis amet. Quam quas et adipisci harum non.", "open", 36, "2017-08-11 09:41:09", "2017-08-11 09:41:09");
INSERT INTO `Goal` (`hoursPerWeek`, `weeklyBudget`, `headline`, `description`, `status`, `apprenticeId`, `createdAt`, `updatedAt`) VALUES (6, 217993, "Qui vitae quas aut dolores recusandae rerum.", "Exercitationem repellendus et quia qui rerum harum sed. Molestiae cupiditate officiis. Doloribus labore qui repudiandae nostrum sed culpa ducimus dolores vitae. Minima eius natus est et et blanditiis ipsa occaecati.", "open", 36, "2017-11-01 14:31:52", "2017-11-01 14:31:52");
INSERT INTO `Goal` (`hoursPerWeek`, `weeklyBudget`, `headline`, `description`, `status`, `apprenticeId`, `createdAt`, `updatedAt`) VALUES (40, 460568, "Consequuntur tenetur veniam magnam ea ipsa aut eligendi nulla.", "Voluptatum natus sed earum. Odit voluptatum omnis consequatur pariatur optio mollitia atque. Qui sint placeat consequatur et eveniet aut quibusdam blanditiis qui. Nemo sapiente veritatis repellat molestiae quia temporibus cumque.", "open", 36, "2017-11-05 08:11:07", "2017-11-05 08:11:07");
INSERT INTO `Goal` (`hoursPerWeek`, `weeklyBudget`, `headline`, `description`, `status`, `apprenticeId`, `createdAt`, `updatedAt`) VALUES (1, 160404, "Vitae nihil quia magnam rerum.", "Quisquam in quia voluptas nam dignissimos mollitia doloremque. Sapiente nostrum beatae blanditiis earum sunt doloribus voluptatibus. Sed sed eveniet unde in molestias. Harum consequuntur ipsum necessitatibus ut voluptatem.", "open", 36, "2017-08-27 06:29:06", "2017-08-27 06:29:06");
INSERT INTO `MyUser` (`id`, `email`, `firstName`, `familyName`, `fbId`) VALUES (37, "Cassandre.Ortiz@yahoo.com", "Richard", "Prohaska", 10000000037 );
INSERT INTO `UserLanguage` (`userId`, `languageId`) VALUES (37, 6);
INSERT INTO `Goal` (`hoursPerWeek`, `weeklyBudget`, `headline`, `description`, `status`, `apprenticeId`, `createdAt`, `updatedAt`) VALUES (34, 416355, "Delectus nulla laborum ab corporis.", "Ipsa quasi quam nihil. Doloribus asperiores magni velit ad maxime. Modi animi reprehenderit ducimus dicta perspiciatis aliquam repudiandae id ut. Dolores iusto velit vero nisi dolorem iste occaecati in assumenda.", "open", 37, "2017-09-12 14:07:27", "2017-09-12 14:07:27");
INSERT INTO `Goal` (`hoursPerWeek`, `weeklyBudget`, `headline`, `description`, `status`, `apprenticeId`, `createdAt`, `updatedAt`) VALUES (11, 137836, "Ea expedita et rerum enim occaecati voluptates porro.", "Ad quibusdam dolor suscipit cupiditate sint saepe et. Est odit qui numquam quam consequatur nihil qui esse incidunt. Incidunt praesentium quod commodi recusandae modi officia qui quas. Quia quisquam in veniam totam dolor.", "open", 37, "2017-10-16 23:33:23", "2017-10-16 23:33:23");
INSERT INTO `MyUser` (`id`, `email`, `firstName`, `familyName`, `fbId`) VALUES (38, "Davon_Nolan84@gmail.com", "Rhoda", "Russel", 10000000038 );
INSERT INTO `UserLanguage` (`userId`, `languageId`) VALUES (38, 6);
INSERT INTO `UserLanguage` (`userId`, `languageId`) VALUES (38, 1);
INSERT INTO `Goal` (`hoursPerWeek`, `weeklyBudget`, `headline`, `description`, `status`, `apprenticeId`, `createdAt`, `updatedAt`) VALUES (16, 127712, "Minus architecto eum impedit.", "Iure velit ipsa sed explicabo. Dicta et sed ducimus quia in. Non explicabo ad quis nihil accusantium vitae. Nihil velit et accusantium.", "open", 38, "2017-11-12 10:08:53", "2017-11-12 10:08:53");
INSERT INTO `Goal` (`hoursPerWeek`, `weeklyBudget`, `headline`, `description`, `status`, `apprenticeId`, `createdAt`, `updatedAt`) VALUES (24, 168004, "Earum est a quasi.", "Amet aspernatur ut veniam in accusantium sit voluptatem. Optio inventore vel accusantium est. Adipisci dolorem minus nam ipsa rem et et. Et sapiente hic ut.", "open", 38, "2017-07-03 10:37:46", "2017-07-03 10:37:46");
INSERT INTO `Goal` (`hoursPerWeek`, `weeklyBudget`, `headline`, `description`, `status`, `apprenticeId`, `createdAt`, `updatedAt`) VALUES (9, 247945, "Quaerat quidem possimus voluptates voluptatibus ratione repellendus error nostrum non.", "Autem necessitatibus provident earum officiis sit omnis. Eaque et sit laudantium soluta. Minima ea cupiditate dicta impedit ut hic. Reprehenderit quos quam consequatur et sit.", "open", 38, "2017-10-18 10:04:54", "2017-10-18 10:04:54");
INSERT INTO `MyUser` (`id`, `email`, `firstName`, `familyName`, `fbId`) VALUES (39, "Jakayla96@hotmail.com", "Jewel", "Braun", 10000000039 );
INSERT INTO `UserLanguage` (`userId`, `languageId`) VALUES (39, 8);
INSERT INTO `Goal` (`hoursPerWeek`, `weeklyBudget`, `headline`, `description`, `status`, `apprenticeId`, `createdAt`, `updatedAt`) VALUES (16, 169279, "Hic id velit dolor nihil eaque dolor incidunt beatae est.", "Id aut consequatur ut aliquam. Et qui ea libero dicta magnam dolore reiciendis illo dolores. Vitae rerum tenetur aut quibusdam porro est nostrum. Reiciendis rerum sapiente.", "open", 39, "2017-09-06 14:13:09", "2017-09-06 14:13:09");
INSERT INTO `MyUser` (`id`, `email`, `firstName`, `familyName`, `fbId`) VALUES (40, "Alfred_Mayer@yahoo.com", "Jeff", "Kub", 10000000040 );
INSERT INTO `UserLanguage` (`userId`, `languageId`) VALUES (40, 6);
INSERT INTO `Goal` (`hoursPerWeek`, `weeklyBudget`, `headline`, `description`, `status`, `apprenticeId`, `createdAt`, `updatedAt`) VALUES (4, 451558, "Vel magni pariatur sunt magni architecto eos consequatur.", "Hic occaecati ipsam consectetur consequatur aliquam quae. Quidem quod in aperiam rerum odio corrupti consequuntur omnis. Dolore et repellendus. Cum tenetur dolor unde similique.", "open", 40, "2017-08-01 10:52:34", "2017-08-01 10:52:34");
INSERT INTO `Goal` (`hoursPerWeek`, `weeklyBudget`, `headline`, `description`, `status`, `apprenticeId`, `createdAt`, `updatedAt`) VALUES (34, 88739, "Aliquam quo officia ipsa iure.", "Voluptas laboriosam veritatis ea voluptatum recusandae ut quis nam. Ut unde id tempora et quia. Earum numquam illo pariatur nihil et laborum est. Ipsam suscipit atque culpa numquam nostrum.", "open", 40, "2017-08-04 13:51:23", "2017-08-04 13:51:23");
INSERT INTO `Goal` (`hoursPerWeek`, `weeklyBudget`, `headline`, `description`, `status`, `apprenticeId`, `createdAt`, `updatedAt`) VALUES (14, 178490, "Explicabo explicabo rerum blanditiis.", "A asperiores quis. Possimus voluptates quos explicabo dolores repudiandae voluptates iure nihil et. Saepe et cumque ut eum maxime excepturi. Est molestiae nisi blanditiis.", "open", 40, "2017-10-04 21:21:44", "2017-10-04 21:21:44");
INSERT INTO `Goal` (`hoursPerWeek`, `weeklyBudget`, `headline`, `description`, `status`, `apprenticeId`, `createdAt`, `updatedAt`) VALUES (22, 489690, "Repellendus consequatur alias et non.", "Similique ex rerum. Asperiores harum doloremque similique dignissimos tempora et eum. Eos quo optio nemo pariatur tempore voluptatem. Aut in et eum deserunt alias voluptates ipsam nihil expedita.", "open", 40, "2017-07-20 07:19:32", "2017-07-20 07:19:32");
INSERT INTO `MyUser` (`id`, `email`, `firstName`, `familyName`, `fbId`) VALUES (41, "Janice.Murazik@gmail.com", "Corine", "Powlowski", 10000000041 );
INSERT INTO `UserLanguage` (`userId`, `languageId`) VALUES (41, 5);
INSERT INTO `UserLanguage` (`userId`, `languageId`) VALUES (41, 10);
INSERT INTO `Goal` (`hoursPerWeek`, `weeklyBudget`, `headline`, `description`, `status`, `apprenticeId`, `createdAt`, `updatedAt`) VALUES (30, 362131, "Consequuntur praesentium eligendi aut.", "Rerum in cumque molestiae cum soluta est. Ducimus iure qui et recusandae excepturi aperiam doloribus dolores. Nulla autem voluptatum delectus. Provident eum rem autem sed ducimus commodi consectetur.", "open", 41, "2017-08-26 06:26:21", "2017-08-26 06:26:21");
INSERT INTO `MyUser` (`id`, `email`, `firstName`, `familyName`, `fbId`) VALUES (42, "Odie70@hotmail.com", "Jeff", "Tromp", 10000000042 );
INSERT INTO `UserLanguage` (`userId`, `languageId`) VALUES (42, 6);
INSERT INTO `Goal` (`hoursPerWeek`, `weeklyBudget`, `headline`, `description`, `status`, `apprenticeId`, `createdAt`, `updatedAt`) VALUES (8, 140778, "Odit quidem quia voluptatem neque nulla earum est laboriosam.", "Laborum quae optio quidem in sunt soluta iste. Et et qui fugit in nostrum assumenda corrupti. Consequatur sunt consectetur corrupti eius et architecto omnis. Aliquid corrupti quasi dolore omnis sint qui maiores.", "open", 42, "2017-07-10 12:46:43", "2017-07-10 12:46:43");
INSERT INTO `Goal` (`hoursPerWeek`, `weeklyBudget`, `headline`, `description`, `status`, `apprenticeId`, `createdAt`, `updatedAt`) VALUES (28, 433754, "Nihil est expedita exercitationem fugit eos voluptatem.", "Soluta quam adipisci distinctio vel harum autem. Et suscipit aut nulla ab quis accusamus quo. Odit voluptatem ducimus qui aliquid. A repudiandae commodi sed.", "open", 42, "2017-10-22 05:48:20", "2017-10-22 05:48:20");
INSERT INTO `Goal` (`hoursPerWeek`, `weeklyBudget`, `headline`, `description`, `status`, `apprenticeId`, `createdAt`, `updatedAt`) VALUES (27, 390026, "Praesentium ab exercitationem numquam laudantium vel quas voluptatem doloremque.", "Error et molestiae facere. Dicta magnam id iusto et. Quia in voluptatem quasi recusandae ducimus. Vero aperiam voluptas dolor adipisci eum corporis dolorem quaerat consequuntur.", "open", 42, "2017-08-15 02:03:38", "2017-08-15 02:03:38");
INSERT INTO `Goal` (`hoursPerWeek`, `weeklyBudget`, `headline`, `description`, `status`, `apprenticeId`, `createdAt`, `updatedAt`) VALUES (41, 21766, "Corporis illum fugiat quibusdam et.", "Quis in quam vel quasi. Pariatur voluptas rerum et quo libero. Qui hic debitis perspiciatis in reprehenderit unde voluptatibus distinctio odit. Praesentium suscipit aliquam nostrum ut cum voluptatum.", "open", 42, "2017-11-06 21:47:52", "2017-11-06 21:47:52");
INSERT INTO `MyUser` (`id`, `email`, `firstName`, `familyName`, `fbId`) VALUES (43, "Jaylon_Walker@yahoo.com", "Etha", "Larson", 10000000043 );
INSERT INTO `UserLanguage` (`userId`, `languageId`) VALUES (43, 9);
INSERT INTO `Goal` (`hoursPerWeek`, `weeklyBudget`, `headline`, `description`, `status`, `apprenticeId`, `createdAt`, `updatedAt`) VALUES (19, 23480, "Molestiae dolore a.", "Fuga doloribus omnis vel consequatur est. Tempore enim in beatae omnis tenetur. Labore distinctio qui. Minus omnis est.", "open", 43, "2017-09-20 19:14:00", "2017-09-20 19:14:00");
INSERT INTO `Goal` (`hoursPerWeek`, `weeklyBudget`, `headline`, `description`, `status`, `apprenticeId`, `createdAt`, `updatedAt`) VALUES (10, 154643, "Aut qui occaecati autem provident corrupti non aut.", "Ut facere quas itaque est. Dolore id aut quo. Nam iure sit. Consequuntur hic asperiores nemo.", "open", 43, "2017-10-20 15:01:50", "2017-10-20 15:01:50");
INSERT INTO `MyUser` (`id`, `email`, `firstName`, `familyName`, `fbId`) VALUES (44, "Frida_Adams66@hotmail.com", "Rylan", "Botsford", 10000000044 );
INSERT INTO `UserLanguage` (`userId`, `languageId`) VALUES (44, 5);
INSERT INTO `Goal` (`hoursPerWeek`, `weeklyBudget`, `headline`, `description`, `status`, `apprenticeId`, `createdAt`, `updatedAt`) VALUES (10, 17339, "Ex autem molestiae.", "Voluptatibus cumque voluptatum consequuntur nemo est modi eum non. Aut voluptas qui voluptatem eos cumque dolorem aliquam rerum pariatur. Quo natus consequuntur neque dicta reprehenderit accusantium commodi labore. Voluptatum deleniti non ad et eveniet ad repellat culpa blanditiis.", "open", 44, "2017-10-21 16:47:29", "2017-10-21 16:47:29");
INSERT INTO `Goal` (`hoursPerWeek`, `weeklyBudget`, `headline`, `description`, `status`, `apprenticeId`, `createdAt`, `updatedAt`) VALUES (27, 476338, "Beatae impedit eveniet itaque explicabo dolorem nihil et quae iste.", "Ut sed voluptatem illum architecto tempore eum aut. Inventore enim possimus temporibus ipsam. Ducimus recusandae dicta iusto. Porro porro maxime.", "open", 44, "2017-07-21 20:39:14", "2017-07-21 20:39:14");
INSERT INTO `Goal` (`hoursPerWeek`, `weeklyBudget`, `headline`, `description`, `status`, `apprenticeId`, `createdAt`, `updatedAt`) VALUES (39, 157833, "Iste sunt reiciendis voluptatem et eveniet.", "Voluptatem qui itaque deserunt. Beatae tempore id odit voluptatibus optio vel. Quis quas praesentium voluptatibus ut esse aspernatur dolorum. Minima iste numquam numquam quod et molestias nam a.", "open", 44, "2017-11-14 08:45:15", "2017-11-14 08:45:15");
INSERT INTO `Goal` (`hoursPerWeek`, `weeklyBudget`, `headline`, `description`, `status`, `apprenticeId`, `createdAt`, `updatedAt`) VALUES (24, 64796, "Est aut qui vel corrupti ullam aliquam quo ut ea.", "Sapiente rerum cupiditate explicabo iusto. Error aperiam voluptas quidem libero illum. Enim quas soluta et voluptatum sit hic vel. Quisquam illum distinctio eius perferendis necessitatibus beatae qui qui molestiae.", "open", 44, "2017-11-01 16:51:29", "2017-11-01 16:51:29");
INSERT INTO `MyUser` (`id`, `email`, `firstName`, `familyName`, `fbId`) VALUES (45, "Gabe74@gmail.com", "Edwina", "Schmidt", 10000000045 );
INSERT INTO `UserLanguage` (`userId`, `languageId`) VALUES (45, 4);
INSERT INTO `UserLanguage` (`userId`, `languageId`) VALUES (45, 6);
INSERT INTO `Goal` (`hoursPerWeek`, `weeklyBudget`, `headline`, `description`, `status`, `apprenticeId`, `createdAt`, `updatedAt`) VALUES (40, 139610, "Quia nulla explicabo praesentium.", "Iste aut porro dicta magnam vel qui. Et doloremque nemo accusantium nihil sed. Quod temporibus eum debitis vel. Vel non nisi dolores.", "open", 45, "2017-08-08 16:55:51", "2017-08-08 16:55:51");
INSERT INTO `MyUser` (`id`, `email`, `firstName`, `familyName`, `fbId`) VALUES (46, "Cloyd_Mitchell58@yahoo.com", "Martin", "Howe", 10000000046 );
INSERT INTO `UserLanguage` (`userId`, `languageId`) VALUES (46, 9);
INSERT INTO `UserLanguage` (`userId`, `languageId`) VALUES (46, 10);
INSERT INTO `UserLanguage` (`userId`, `languageId`) VALUES (46, 1);
INSERT INTO `Goal` (`hoursPerWeek`, `weeklyBudget`, `headline`, `description`, `status`, `apprenticeId`, `createdAt`, `updatedAt`) VALUES (25, 159835, "Rerum quisquam id rerum exercitationem deleniti dolores quibusdam voluptatum maxime.", "Molestiae voluptatem voluptatem dolor dignissimos voluptas. Maxime aut aut. Praesentium ut voluptatem. Amet fugiat suscipit veniam nihil sapiente ad.", "open", 46, "2017-11-11 15:44:52", "2017-11-11 15:44:52");
INSERT INTO `Goal` (`hoursPerWeek`, `weeklyBudget`, `headline`, `description`, `status`, `apprenticeId`, `createdAt`, `updatedAt`) VALUES (39, 247857, "Aut dicta consectetur laboriosam facere quae laborum explicabo voluptas.", "Vel inventore blanditiis harum iure ullam. Provident nobis laudantium incidunt aut eligendi omnis aperiam laborum. Aut quo consequatur ipsam sapiente dolores eos omnis ab. Aut in deleniti ab ducimus.", "open", 46, "2017-09-08 04:24:17", "2017-09-08 04:24:17");
INSERT INTO `MyUser` (`id`, `email`, `firstName`, `familyName`, `fbId`) VALUES (47, "Dayne77@yahoo.com", "Juliana", "Strosin", 10000000047 );
INSERT INTO `UserLanguage` (`userId`, `languageId`) VALUES (47, 9);
INSERT INTO `UserLanguage` (`userId`, `languageId`) VALUES (47, 3);
INSERT INTO `UserLanguage` (`userId`, `languageId`) VALUES (47, 1);
INSERT INTO `Goal` (`hoursPerWeek`, `weeklyBudget`, `headline`, `description`, `status`, `apprenticeId`, `createdAt`, `updatedAt`) VALUES (37, 137680, "Praesentium ad qui nulla unde molestiae.", "Vero fugiat occaecati incidunt excepturi qui aut enim vitae. Quaerat consectetur omnis sapiente sit sed accusamus et vero. Impedit non est molestiae cupiditate eum. Totam recusandae dolores vel ipsum qui ut.", "open", 47, "2017-06-21 18:59:20", "2017-06-21 18:59:20");
INSERT INTO `Goal` (`hoursPerWeek`, `weeklyBudget`, `headline`, `description`, `status`, `apprenticeId`, `createdAt`, `updatedAt`) VALUES (21, 482851, "Quos enim aut quam magni sunt quia in atque.", "Est ut cum corporis sed alias vero accusamus iure odio. Laborum qui veritatis iure et. Aut provident cum et enim et exercitationem quis iste mollitia. Et et in id sint.", "open", 47, "2017-08-25 22:38:00", "2017-08-25 22:38:00");
INSERT INTO `Goal` (`hoursPerWeek`, `weeklyBudget`, `headline`, `description`, `status`, `apprenticeId`, `createdAt`, `updatedAt`) VALUES (22, 266048, "Ullam numquam ratione repellendus quisquam consequuntur ipsam.", "Deleniti dolorem accusantium facilis impedit pariatur rerum rerum. Veniam esse sunt enim deleniti qui voluptas qui non quae. Tempora maxime beatae animi laudantium atque expedita. Maxime magnam fugit.", "open", 47, "2017-07-21 03:07:27", "2017-07-21 03:07:27");
INSERT INTO `MyUser` (`id`, `email`, `firstName`, `familyName`, `fbId`) VALUES (48, "Jettie_Stark@yahoo.com", "Hadley", "Jacobi", 10000000048 );
INSERT INTO `UserLanguage` (`userId`, `languageId`) VALUES (48, 7);
INSERT INTO `Goal` (`hoursPerWeek`, `weeklyBudget`, `headline`, `description`, `status`, `apprenticeId`, `createdAt`, `updatedAt`) VALUES (3, 490403, "Provident necessitatibus delectus ea quos sapiente eligendi.", "Eum magni tenetur officia repudiandae optio est explicabo. Cumque aliquid necessitatibus dolorum nihil. Sequi est quia rem. Vel nulla ullam qui est voluptate eos quia.", "open", 48, "2017-08-23 16:55:51", "2017-08-23 16:55:51");
INSERT INTO `MyUser` (`id`, `email`, `firstName`, `familyName`, `fbId`) VALUES (49, "Dangelo.Kohler@yahoo.com", "Charlene", "Lakin", 10000000049 );
INSERT INTO `UserLanguage` (`userId`, `languageId`) VALUES (49, 10);
INSERT INTO `UserLanguage` (`userId`, `languageId`) VALUES (49, 1);
INSERT INTO `Goal` (`hoursPerWeek`, `weeklyBudget`, `headline`, `description`, `status`, `apprenticeId`, `createdAt`, `updatedAt`) VALUES (19, 228604, "Non dolor aut sint deserunt eos.", "Aut maiores harum aut et tenetur. Repellendus culpa nobis quod aut itaque quaerat at vitae. Vero numquam eaque voluptas quia dolorem laboriosam qui. Voluptatem nihil quae est qui voluptas soluta ut ducimus doloremque.", "open", 49, "2017-11-10 13:30:56", "2017-11-10 13:30:56");
INSERT INTO `Goal` (`hoursPerWeek`, `weeklyBudget`, `headline`, `description`, `status`, `apprenticeId`, `createdAt`, `updatedAt`) VALUES (20, 83372, "Placeat est et asperiores officia illum.", "Dolorum est asperiores in. Quibusdam expedita rerum facilis odit aut eius. Molestiae deserunt tempora nihil et odio sint facere fugiat. Ea qui vel.", "open", 49, "2017-08-11 03:49:18", "2017-08-11 03:49:18");
INSERT INTO `MyUser` (`id`, `email`, `firstName`, `familyName`, `fbId`) VALUES (50, "Leta_Brakus92@hotmail.com", "Dante", "Schoen", 10000000050 );
INSERT INTO `UserLanguage` (`userId`, `languageId`) VALUES (50, 6);
INSERT INTO `UserLanguage` (`userId`, `languageId`) VALUES (50, 1);
INSERT INTO `UserLanguage` (`userId`, `languageId`) VALUES (50, 4);
INSERT INTO `Goal` (`hoursPerWeek`, `weeklyBudget`, `headline`, `description`, `status`, `apprenticeId`, `createdAt`, `updatedAt`) VALUES (2, 389873, "Eos rem vel vero.", "A ratione ab nesciunt saepe illo doloremque ullam itaque optio. Nihil ut autem. Harum blanditiis molestiae nam ut inventore fugit et. Vel quibusdam dicta iste dolore.", "open", 50, "2017-09-20 12:48:19", "2017-09-20 12:48:19");
INSERT INTO `Goal` (`hoursPerWeek`, `weeklyBudget`, `headline`, `description`, `status`, `apprenticeId`, `createdAt`, `updatedAt`) VALUES (5, 453294, "Consequatur quos dolorem et impedit.", "Assumenda dicta autem dolore non. Fugit modi vel amet dolores cumque ad voluptatem explicabo nihil. Sequi officia velit omnis occaecati aspernatur eum consectetur. Libero blanditiis libero accusamus.", "open", 50, "2017-08-07 07:47:01", "2017-08-07 07:47:01");
INSERT INTO `Goal` (`hoursPerWeek`, `weeklyBudget`, `headline`, `description`, `status`, `apprenticeId`, `createdAt`, `updatedAt`) VALUES (15, 251864, "Reiciendis cumque omnis.", "Rerum in sit. Officiis illo quod et. Voluptas quo voluptas. Assumenda aperiam tenetur officia culpa.", "open", 50, "2017-06-23 01:58:14", "2017-06-23 01:58:14");
INSERT INTO `Goal` (`hoursPerWeek`, `weeklyBudget`, `headline`, `description`, `status`, `apprenticeId`, `createdAt`, `updatedAt`) VALUES (8, 23184, "Voluptas rerum in quos.", "Sit totam nulla qui. Sit voluptate deserunt libero exercitationem. Quaerat atque et ut vel rerum esse laudantium odio quis. Ut aut qui velit sint dolorem maiores repellendus.", "open", 50, "2017-08-17 20:19:41", "2017-08-17 20:19:41");
INSERT INTO `MyUser` (`id`, `email`, `firstName`, `familyName`, `fbId`) VALUES (51, "Laila68@hotmail.com", "Ignacio", "Kshlerin", 10000000051 );
INSERT INTO `UserLanguage` (`userId`, `languageId`) VALUES (51, 3);
INSERT INTO `Goal` (`hoursPerWeek`, `weeklyBudget`, `headline`, `description`, `status`, `apprenticeId`, `createdAt`, `updatedAt`) VALUES (36, 22535, "Enim et ipsam cumque.", "Voluptate quis maiores odio. Maiores aut at illum iste. Eveniet sit non soluta. Fuga enim cum sequi.", "open", 51, "2017-08-30 22:24:16", "2017-08-30 22:24:16");
INSERT INTO `MyUser` (`id`, `email`, `firstName`, `familyName`, `fbId`) VALUES (52, "Scotty16@yahoo.com", "Marley", "Wehner", 10000000052 );
INSERT INTO `UserLanguage` (`userId`, `languageId`) VALUES (52, 2);
INSERT INTO `Goal` (`hoursPerWeek`, `weeklyBudget`, `headline`, `description`, `status`, `apprenticeId`, `createdAt`, `updatedAt`) VALUES (41, 111369, "Est enim molestiae consequatur hic expedita et dolore ut.", "Quo sit consectetur dolores non omnis expedita adipisci nesciunt. Ex quia quasi. Autem dolore accusantium nemo provident repudiandae quasi dolorem aliquid. Dolorum in possimus omnis blanditiis eos qui et id praesentium.", "open", 52, "2017-08-21 01:59:31", "2017-08-21 01:59:31");
INSERT INTO `Goal` (`hoursPerWeek`, `weeklyBudget`, `headline`, `description`, `status`, `apprenticeId`, `createdAt`, `updatedAt`) VALUES (17, 416157, "Quisquam iure animi totam quod nihil maxime.", "Consequuntur velit iusto ipsum ducimus est. Iste omnis ipsum dolores velit sed ea dolorum voluptatem voluptate. Aliquam qui recusandae nihil doloribus quia nihil similique dolorem. Non dolores optio.", "open", 52, "2017-09-24 01:56:37", "2017-09-24 01:56:37");
INSERT INTO `Goal` (`hoursPerWeek`, `weeklyBudget`, `headline`, `description`, `status`, `apprenticeId`, `createdAt`, `updatedAt`) VALUES (1, 79883, "Aut et velit.", "Non quis tempore magni nesciunt necessitatibus necessitatibus harum maxime quaerat. Mollitia voluptas est omnis numquam. Error modi perspiciatis. Quidem minus pariatur ut delectus molestias asperiores est quam in.", "open", 52, "2017-08-02 08:06:05", "2017-08-02 08:06:05");
INSERT INTO `MyUser` (`id`, `email`, `firstName`, `familyName`, `fbId`) VALUES (53, "Bart_Rogahn@yahoo.com", "Carolyne", "Christiansen", 10000000053 );
INSERT INTO `UserLanguage` (`userId`, `languageId`) VALUES (53, 5);
INSERT INTO `Goal` (`hoursPerWeek`, `weeklyBudget`, `headline`, `description`, `status`, `apprenticeId`, `createdAt`, `updatedAt`) VALUES (36, 180169, "Omnis itaque eos.", "Ut ut tempore qui. Accusamus est libero voluptatem quas. Sunt hic laboriosam est eos delectus aliquam. Ipsum eius est et voluptatem nulla non.", "open", 53, "2017-10-04 05:27:17", "2017-10-04 05:27:17");
INSERT INTO `Goal` (`hoursPerWeek`, `weeklyBudget`, `headline`, `description`, `status`, `apprenticeId`, `createdAt`, `updatedAt`) VALUES (26, 165634, "Modi voluptatibus iste ex explicabo sunt.", "Officia cumque nam est hic. Enim et sint et nihil. Doloremque perferendis quisquam voluptas voluptatem deserunt porro. Alias quia perspiciatis commodi vel.", "open", 53, "2017-09-13 12:37:42", "2017-09-13 12:37:42");
INSERT INTO `Goal` (`hoursPerWeek`, `weeklyBudget`, `headline`, `description`, `status`, `apprenticeId`, `createdAt`, `updatedAt`) VALUES (24, 77993, "Corporis nostrum consequatur est expedita recusandae ut similique rerum.", "Eum accusamus et consequatur necessitatibus maxime qui id. Quia omnis quae earum et voluptatem omnis. Et placeat omnis qui dolorum sed non. Commodi est qui dolores optio repellat.", "open", 53, "2017-08-26 22:28:18", "2017-08-26 22:28:18");
INSERT INTO `MyUser` (`id`, `email`, `firstName`, `familyName`, `fbId`) VALUES (54, "Gillian.Runolfsdottir@yahoo.com", "Madyson", "Herman", 10000000054 );
INSERT INTO `UserLanguage` (`userId`, `languageId`) VALUES (54, 9);
INSERT INTO `Goal` (`hoursPerWeek`, `weeklyBudget`, `headline`, `description`, `status`, `apprenticeId`, `createdAt`, `updatedAt`) VALUES (5, 104759, "Quam sapiente dolor cupiditate sit et sed.", "Voluptas nulla iusto. Et aliquam voluptatum. Fugit aut sed. Et culpa consequatur et in earum minima.", "open", 54, "2017-08-05 21:21:34", "2017-08-05 21:21:34");
INSERT INTO `MyUser` (`id`, `email`, `firstName`, `familyName`, `fbId`) VALUES (55, "Terrence81@yahoo.com", "Cecilia", "Kris", 10000000055 );
INSERT INTO `UserLanguage` (`userId`, `languageId`) VALUES (55, 3);
INSERT INTO `UserLanguage` (`userId`, `languageId`) VALUES (55, 2);
INSERT INTO `Goal` (`hoursPerWeek`, `weeklyBudget`, `headline`, `description`, `status`, `apprenticeId`, `createdAt`, `updatedAt`) VALUES (13, 284348, "Quaerat officia voluptas et dolor aut consequatur et sit.", "Laboriosam eos tempora. Deserunt accusamus provident tempore culpa deserunt deserunt. Sit et officiis quos voluptas qui beatae vel et corrupti. Molestiae voluptatem voluptatem corrupti quasi velit impedit.", "open", 55, "2017-07-02 09:30:18", "2017-07-02 09:30:18");
INSERT INTO `MyUser` (`id`, `email`, `firstName`, `familyName`, `fbId`) VALUES (56, "Amely.Haag14@gmail.com", "Alyce", "Daugherty", 10000000056 );
INSERT INTO `UserLanguage` (`userId`, `languageId`) VALUES (56, 4);
INSERT INTO `Goal` (`hoursPerWeek`, `weeklyBudget`, `headline`, `description`, `status`, `apprenticeId`, `createdAt`, `updatedAt`) VALUES (40, 339405, "Id provident et occaecati voluptatem alias.", "Id doloribus dolorum hic assumenda ut dolorem dolorum rerum aut. Consequuntur nisi praesentium laborum quaerat. Voluptas et et rem dolores eum dolores. Quasi expedita aut cupiditate autem veritatis perferendis nam.", "open", 56, "2017-10-02 03:30:13", "2017-10-02 03:30:13");
INSERT INTO `Goal` (`hoursPerWeek`, `weeklyBudget`, `headline`, `description`, `status`, `apprenticeId`, `createdAt`, `updatedAt`) VALUES (14, 319787, "Ut est sequi et et perferendis labore laboriosam nesciunt doloribus.", "Sapiente sint ratione pariatur sunt nam necessitatibus officia qui quo. Dolorum ut voluptatem praesentium magnam tenetur impedit est excepturi. Eum nostrum corrupti. Numquam voluptas rerum harum possimus sunt sit et.", "open", 56, "2017-11-18 02:06:24", "2017-11-18 02:06:24");
INSERT INTO `Goal` (`hoursPerWeek`, `weeklyBudget`, `headline`, `description`, `status`, `apprenticeId`, `createdAt`, `updatedAt`) VALUES (4, 438507, "Magnam voluptatibus quae similique.", "Fuga eligendi reiciendis. Et eum non voluptas ipsa labore. Officiis sit voluptate explicabo doloremque. Aut occaecati est voluptatibus inventore dicta natus porro id.", "open", 56, "2017-09-29 15:09:56", "2017-09-29 15:09:56");
INSERT INTO `Goal` (`hoursPerWeek`, `weeklyBudget`, `headline`, `description`, `status`, `apprenticeId`, `createdAt`, `updatedAt`) VALUES (24, 476658, "Quibusdam iusto autem vel veniam quasi nam fuga eum.", "Eveniet quia molestias voluptas quis quos ab. Porro non in sit voluptate est nemo sint necessitatibus enim. Tempora nihil explicabo ea voluptas iusto ut qui. Est vitae fugiat ab consequuntur quod.", "open", 56, "2017-11-10 23:52:22", "2017-11-10 23:52:22");
INSERT INTO `MyUser` (`id`, `email`, `firstName`, `familyName`, `fbId`) VALUES (57, "Ervin.Carroll@gmail.com", "Deontae", "Greenfelder", 10000000057 );
INSERT INTO `UserLanguage` (`userId`, `languageId`) VALUES (57, 3);
INSERT INTO `UserLanguage` (`userId`, `languageId`) VALUES (57, 1);
INSERT INTO `UserLanguage` (`userId`, `languageId`) VALUES (57, 9);
INSERT INTO `Goal` (`hoursPerWeek`, `weeklyBudget`, `headline`, `description`, `status`, `apprenticeId`, `createdAt`, `updatedAt`) VALUES (12, 358725, "Voluptas et accusamus totam necessitatibus iste.", "Praesentium sunt saepe expedita minus veniam sed alias. Ad et adipisci. Odio odio deleniti natus esse odio quas. Enim odio iste pariatur ea.", "open", 57, "2017-09-30 09:55:28", "2017-09-30 09:55:28");
INSERT INTO `Goal` (`hoursPerWeek`, `weeklyBudget`, `headline`, `description`, `status`, `apprenticeId`, `createdAt`, `updatedAt`) VALUES (16, 303002, "Velit cum tenetur aliquid dolor blanditiis consequatur molestias.", "Autem est similique ut beatae et. Aut eveniet voluptas qui quos. Pariatur modi mollitia accusantium laborum id hic laborum quia ut. Itaque incidunt doloremque adipisci asperiores.", "open", 57, "2017-10-19 04:33:00", "2017-10-19 04:33:00");
INSERT INTO `MyUser` (`id`, `email`, `firstName`, `familyName`, `fbId`) VALUES (58, "Geovany65@yahoo.com", "Cathryn", "Auer", 10000000058 );
INSERT INTO `UserLanguage` (`userId`, `languageId`) VALUES (58, 6);
INSERT INTO `UserLanguage` (`userId`, `languageId`) VALUES (58, 2);
INSERT INTO `Goal` (`hoursPerWeek`, `weeklyBudget`, `headline`, `description`, `status`, `apprenticeId`, `createdAt`, `updatedAt`) VALUES (19, 308577, "Harum quos officiis inventore maxime.", "Nemo perspiciatis accusantium et. Et aut omnis rerum quibusdam sapiente quasi in deleniti magni. Quidem qui qui quidem optio nobis facilis. Fugiat autem aut dicta ipsam facere reiciendis sit cumque.", "open", 58, "2017-10-04 20:25:25", "2017-10-04 20:25:25");
INSERT INTO `MyUser` (`id`, `email`, `firstName`, `familyName`, `fbId`) VALUES (59, "Skye.Miller@gmail.com", "Kolby", "Volkman", 10000000059 );
INSERT INTO `UserLanguage` (`userId`, `languageId`) VALUES (59, 5);
INSERT INTO `Goal` (`hoursPerWeek`, `weeklyBudget`, `headline`, `description`, `status`, `apprenticeId`, `createdAt`, `updatedAt`) VALUES (25, 481104, "Ex omnis deserunt eius temporibus id.", "Ipsam ullam minima corrupti laudantium totam alias sint. Dicta est sunt blanditiis dignissimos est est eveniet amet vitae. Qui fugit a qui alias aspernatur qui quod pariatur nam. Rerum iure ut enim est eveniet architecto.", "open", 59, "2017-11-17 05:09:50", "2017-11-17 05:09:50");
INSERT INTO `Goal` (`hoursPerWeek`, `weeklyBudget`, `headline`, `description`, `status`, `apprenticeId`, `createdAt`, `updatedAt`) VALUES (21, 325345, "Dignissimos et molestiae et inventore ratione.", "Sed et sunt rem unde est numquam ut veniam eligendi. Sit aut praesentium unde est repellat sit dicta exercitationem. Minima fugit quo odit dolore cum quos deleniti officia. Aliquam aut rerum quo mollitia voluptatem illum tempore.", "open", 59, "2017-08-06 20:02:52", "2017-08-06 20:02:52");
INSERT INTO `Goal` (`hoursPerWeek`, `weeklyBudget`, `headline`, `description`, `status`, `apprenticeId`, `createdAt`, `updatedAt`) VALUES (12, 109290, "In maiores eum quia soluta et a.", "Repellat sed sint aliquid sequi harum quas natus perferendis consequatur. Id omnis aut. Necessitatibus deserunt vel velit fuga dolor modi mollitia nobis quisquam. Molestiae animi et.", "open", 59, "2017-08-14 05:32:04", "2017-08-14 05:32:04");
INSERT INTO `Goal` (`hoursPerWeek`, `weeklyBudget`, `headline`, `description`, `status`, `apprenticeId`, `createdAt`, `updatedAt`) VALUES (17, 272595, "Exercitationem voluptates voluptatibus cum ea laudantium sunt.", "Ad atque nemo sed et ea asperiores et. Exercitationem reprehenderit sit accusantium consequatur temporibus provident quasi quas. Officia voluptatem debitis ad omnis at totam. Aut quam voluptas ullam.", "open", 59, "2017-10-21 04:15:08", "2017-10-21 04:15:08");
INSERT INTO `MyUser` (`id`, `email`, `firstName`, `familyName`, `fbId`) VALUES (60, "Kian.Jakubowski@gmail.com", "Jade", "Simonis", 10000000060 );
INSERT INTO `UserLanguage` (`userId`, `languageId`) VALUES (60, 4);
INSERT INTO `UserLanguage` (`userId`, `languageId`) VALUES (60, 3);
INSERT INTO `UserLanguage` (`userId`, `languageId`) VALUES (60, 1);
INSERT INTO `Goal` (`hoursPerWeek`, `weeklyBudget`, `headline`, `description`, `status`, `apprenticeId`, `createdAt`, `updatedAt`) VALUES (10, 182581, "Architecto aut aspernatur rerum dolorem.", "Voluptatem dolorem porro saepe et sequi sint nostrum. Ut corrupti dicta eum iure voluptas id deserunt qui. Omnis perferendis aut quibusdam. Inventore eveniet aut totam repellat incidunt expedita recusandae.", "open", 60, "2017-07-21 12:46:14", "2017-07-21 12:46:14");
INSERT INTO `Goal` (`hoursPerWeek`, `weeklyBudget`, `headline`, `description`, `status`, `apprenticeId`, `createdAt`, `updatedAt`) VALUES (7, 5956, "Quam suscipit ut vitae aut ut aut est.", "Voluptatibus vel inventore qui et voluptas beatae consequatur autem cumque. Similique deserunt non ducimus labore magni doloremque. Maiores doloremque sed ea. Blanditiis cumque perferendis adipisci dicta deserunt a.", "open", 60, "2017-07-14 11:02:40", "2017-07-14 11:02:40");
INSERT INTO `MyUser` (`id`, `email`, `firstName`, `familyName`, `fbId`) VALUES (61, "Giovanny_Ernser@yahoo.com", "Marcus", "Purdy", 10000000061 );
INSERT INTO `UserLanguage` (`userId`, `languageId`) VALUES (61, 8);
INSERT INTO `UserLanguage` (`userId`, `languageId`) VALUES (61, 6);
INSERT INTO `Goal` (`hoursPerWeek`, `weeklyBudget`, `headline`, `description`, `status`, `apprenticeId`, `createdAt`, `updatedAt`) VALUES (3, 469402, "Incidunt rerum nesciunt magnam quis.", "Aut quo vel. Velit nemo excepturi. Est consequatur laudantium. Nulla iste cum cumque dolores est et est rem repellendus.", "open", 61, "2017-07-05 10:31:09", "2017-07-05 10:31:09");
INSERT INTO `Goal` (`hoursPerWeek`, `weeklyBudget`, `headline`, `description`, `status`, `apprenticeId`, `createdAt`, `updatedAt`) VALUES (36, 123518, "Voluptatem et velit amet numquam tempora beatae.", "Vel et ipsam earum consequatur impedit consequuntur consequatur officiis temporibus. Qui ipsa ducimus. Sapiente culpa nihil. Aut asperiores commodi fugiat doloribus ut.", "open", 61, "2017-08-24 00:23:25", "2017-08-24 00:23:25");
INSERT INTO `MyUser` (`id`, `email`, `firstName`, `familyName`, `fbId`) VALUES (62, "Meredith.Altenwerth@hotmail.com", "Ayana", "Abbott", 10000000062 );
INSERT INTO `UserLanguage` (`userId`, `languageId`) VALUES (62, 5);
INSERT INTO `UserLanguage` (`userId`, `languageId`) VALUES (62, 4);
INSERT INTO `Goal` (`hoursPerWeek`, `weeklyBudget`, `headline`, `description`, `status`, `apprenticeId`, `createdAt`, `updatedAt`) VALUES (22, 357204, "Rerum dolores non natus sequi.", "Quae ducimus in impedit voluptatibus ipsa ea mollitia. Quidem odit incidunt mollitia. Non ad autem ipsam asperiores. Et cumque vel.", "open", 62, "2017-10-17 12:59:22", "2017-10-17 12:59:22");
INSERT INTO `MyUser` (`id`, `email`, `firstName`, `familyName`, `fbId`) VALUES (63, "Hazel_Grant80@yahoo.com", "Vickie", "Schamberger", 10000000063 );
INSERT INTO `UserLanguage` (`userId`, `languageId`) VALUES (63, 8);
INSERT INTO `Goal` (`hoursPerWeek`, `weeklyBudget`, `headline`, `description`, `status`, `apprenticeId`, `createdAt`, `updatedAt`) VALUES (13, 93540, "Ratione tenetur laudantium ipsum cumque eaque quis aliquid.", "Dolorem vitae minus consequatur ea voluptatibus eos quisquam. Qui dolores at iste et optio sit. Voluptatem neque et veniam officia reiciendis. Quos adipisci sit velit ea quo beatae.", "open", 63, "2017-07-08 05:07:29", "2017-07-08 05:07:29");
INSERT INTO `Goal` (`hoursPerWeek`, `weeklyBudget`, `headline`, `description`, `status`, `apprenticeId`, `createdAt`, `updatedAt`) VALUES (16, 443912, "Est velit doloribus iste.", "Pariatur deserunt quasi neque ipsam et quod optio. Quia sed consequuntur hic doloremque porro beatae possimus animi id. Odio explicabo eos cum quos illo quia laboriosam earum. Distinctio eum rerum et harum.", "open", 63, "2017-10-10 15:44:59", "2017-10-10 15:44:59");
INSERT INTO `MyUser` (`id`, `email`, `firstName`, `familyName`, `fbId`) VALUES (64, "Bridget.Jakubowski56@hotmail.com", "Keegan", "Kassulke", 10000000064 );
INSERT INTO `UserLanguage` (`userId`, `languageId`) VALUES (64, 2);
INSERT INTO `UserLanguage` (`userId`, `languageId`) VALUES (64, 6);
INSERT INTO `Goal` (`hoursPerWeek`, `weeklyBudget`, `headline`, `description`, `status`, `apprenticeId`, `createdAt`, `updatedAt`) VALUES (21, 365285, "Et minus ea nostrum perferendis sint.", "Qui consequatur velit sit enim. Saepe ut illo nobis laboriosam qui amet. Laboriosam at occaecati officia voluptatum. Et perspiciatis rerum debitis eum.", "open", 64, "2017-09-15 07:30:19", "2017-09-15 07:30:19");
INSERT INTO `Goal` (`hoursPerWeek`, `weeklyBudget`, `headline`, `description`, `status`, `apprenticeId`, `createdAt`, `updatedAt`) VALUES (22, 460910, "Magnam itaque voluptatem tempora quisquam sit voluptatem consectetur distinctio.", "Unde nisi eum. Enim aut omnis sequi ratione consequatur officia modi corrupti ut. Et iusto harum eius nemo. Occaecati est aut repellendus consequatur ut nihil.", "open", 64, "2017-09-05 09:56:43", "2017-09-05 09:56:43");
INSERT INTO `Goal` (`hoursPerWeek`, `weeklyBudget`, `headline`, `description`, `status`, `apprenticeId`, `createdAt`, `updatedAt`) VALUES (8, 85237, "Modi laborum ducimus non odio aliquam.", "Aliquam accusamus delectus provident. Ratione alias quos numquam excepturi. Optio amet eos mollitia est quis. Et laudantium vel est aperiam tempore non labore.", "open", 64, "2017-08-06 19:10:34", "2017-08-06 19:10:34");
INSERT INTO `Goal` (`hoursPerWeek`, `weeklyBudget`, `headline`, `description`, `status`, `apprenticeId`, `createdAt`, `updatedAt`) VALUES (25, 291346, "Cumque enim est sit quis eligendi maxime quia ut aut.", "Officiis nemo sint voluptas quae ut. Earum aliquid molestiae vero id aliquid inventore dolores. Cumque magnam occaecati. Perferendis et non fugiat molestias ad voluptatem incidunt qui et.", "open", 64, "2017-11-13 15:17:34", "2017-11-13 15:17:34");
INSERT INTO `MyUser` (`id`, `email`, `firstName`, `familyName`, `fbId`) VALUES (65, "Selina_Hintz97@gmail.com", "Elvera", "Kuhlman", 10000000065 );
INSERT INTO `UserLanguage` (`userId`, `languageId`) VALUES (65, 4);
INSERT INTO `Goal` (`hoursPerWeek`, `weeklyBudget`, `headline`, `description`, `status`, `apprenticeId`, `createdAt`, `updatedAt`) VALUES (21, 306626, "Odit asperiores quos nemo et at vel iste.", "Quos ea et repellat. Ut qui nostrum aspernatur in nobis atque dolore molestiae. Qui eveniet quo ducimus sapiente nemo velit ratione in aliquam. Neque quis itaque officiis repudiandae adipisci quidem nihil.", "open", 65, "2017-10-14 16:41:03", "2017-10-14 16:41:03");
INSERT INTO `Goal` (`hoursPerWeek`, `weeklyBudget`, `headline`, `description`, `status`, `apprenticeId`, `createdAt`, `updatedAt`) VALUES (35, 398845, "Non atque asperiores iure sint et sequi ut veritatis et.", "Est quo vel sed tempora eum incidunt neque modi nesciunt. Aliquid qui iure repellendus aut aut provident. Cumque eos rem fugiat veniam labore ea amet. Id tempora qui architecto sint.", "open", 65, "2017-07-20 10:30:56", "2017-07-20 10:30:56");
INSERT INTO `Goal` (`hoursPerWeek`, `weeklyBudget`, `headline`, `description`, `status`, `apprenticeId`, `createdAt`, `updatedAt`) VALUES (16, 248002, "Ut magnam possimus aliquam animi hic debitis consequuntur.", "Nesciunt incidunt rerum iste perferendis libero rem nemo ea aut. Vel qui magni ut. Excepturi dolores non veritatis ut facilis optio laboriosam. Sint architecto sit.", "open", 65, "2017-06-26 20:32:03", "2017-06-26 20:32:03");
INSERT INTO `Goal` (`hoursPerWeek`, `weeklyBudget`, `headline`, `description`, `status`, `apprenticeId`, `createdAt`, `updatedAt`) VALUES (2, 312779, "Rerum quasi ut nulla possimus quisquam molestias iusto.", "Neque et et et debitis facere beatae cum. Quas doloremque quo voluptates eligendi incidunt explicabo iure est vitae. Esse sunt est. Et aliquid aliquid enim est deserunt natus impedit.", "open", 65, "2017-09-01 21:09:19", "2017-09-01 21:09:19");
INSERT INTO `MyUser` (`id`, `email`, `firstName`, `familyName`, `fbId`) VALUES (66, "Ahmed88@gmail.com", "Muriel", "Cruickshank", 10000000066 );
INSERT INTO `UserLanguage` (`userId`, `languageId`) VALUES (66, 10);
INSERT INTO `UserLanguage` (`userId`, `languageId`) VALUES (66, 7);
INSERT INTO `Goal` (`hoursPerWeek`, `weeklyBudget`, `headline`, `description`, `status`, `apprenticeId`, `createdAt`, `updatedAt`) VALUES (13, 19397, "Eum eaque alias id ea rem enim porro corrupti.", "Libero non et ipsum consequuntur rerum ut eligendi. Adipisci ad doloremque tenetur illo corporis. Quasi est aspernatur magnam perferendis corporis corrupti. Eos eum suscipit perspiciatis id eaque dignissimos.", "open", 66, "2017-10-09 18:10:17", "2017-10-09 18:10:17");
INSERT INTO `Goal` (`hoursPerWeek`, `weeklyBudget`, `headline`, `description`, `status`, `apprenticeId`, `createdAt`, `updatedAt`) VALUES (40, 435615, "Sed recusandae sint id sint repellendus.", "Id officia sapiente iure. Officia natus aut repellendus eius eaque ducimus. Nihil reprehenderit ullam placeat repellat sint optio eum ducimus explicabo. Et expedita velit occaecati et aut.", "open", 66, "2017-10-05 05:05:42", "2017-10-05 05:05:42");
INSERT INTO `MyUser` (`id`, `email`, `firstName`, `familyName`, `fbId`) VALUES (67, "Khalil.Durgan19@gmail.com", "Yasmine", "Watsica", 10000000067 );
INSERT INTO `UserLanguage` (`userId`, `languageId`) VALUES (67, 4);
INSERT INTO `UserLanguage` (`userId`, `languageId`) VALUES (67, 2);
INSERT INTO `UserLanguage` (`userId`, `languageId`) VALUES (67, 10);
INSERT INTO `Goal` (`hoursPerWeek`, `weeklyBudget`, `headline`, `description`, `status`, `apprenticeId`, `createdAt`, `updatedAt`) VALUES (17, 400693, "Corrupti est aut unde aspernatur eum adipisci commodi veniam.", "Velit dolorem optio reprehenderit atque quae labore. Et eius consectetur. Sapiente expedita cum excepturi quia. Rerum accusamus voluptate corporis quod sed molestiae dolores eveniet.", "open", 67, "2017-09-21 16:24:53", "2017-09-21 16:24:53");
INSERT INTO `MyUser` (`id`, `email`, `firstName`, `familyName`, `fbId`) VALUES (68, "Rosalee90@hotmail.com", "Abner", "Konopelski", 10000000068 );
INSERT INTO `UserLanguage` (`userId`, `languageId`) VALUES (68, 2);
INSERT INTO `Goal` (`hoursPerWeek`, `weeklyBudget`, `headline`, `description`, `status`, `apprenticeId`, `createdAt`, `updatedAt`) VALUES (36, 6922, "Id doloribus possimus tenetur.", "Quia sint temporibus. Dicta iste dicta mollitia at accusantium provident placeat sit. Iure numquam consequatur accusamus debitis asperiores fugit sed nihil quis. Enim voluptatem et tempore sit.", "open", 68, "2017-06-27 10:26:17", "2017-06-27 10:26:17");
INSERT INTO `Goal` (`hoursPerWeek`, `weeklyBudget`, `headline`, `description`, `status`, `apprenticeId`, `createdAt`, `updatedAt`) VALUES (37, 209725, "Quia omnis quisquam dicta voluptatem eligendi dolor.", "Beatae reprehenderit et earum maxime et est. Et modi accusantium. Corporis sequi deleniti aut possimus reiciendis tempore. Illo aliquid mollitia culpa cupiditate soluta aliquam.", "open", 68, "2017-08-25 19:59:25", "2017-08-25 19:59:25");
INSERT INTO `Goal` (`hoursPerWeek`, `weeklyBudget`, `headline`, `description`, `status`, `apprenticeId`, `createdAt`, `updatedAt`) VALUES (9, 205510, "Odit error sed dicta ex molestias molestias et accusantium.", "Reprehenderit ratione dolorem qui quos autem sunt qui corporis. Occaecati voluptas sunt doloremque quia sunt quis quia. Id earum quia cupiditate veritatis quaerat repellendus possimus distinctio. Enim delectus facere est voluptatem expedita explicabo voluptatem in est.", "open", 68, "2017-09-15 23:38:54", "2017-09-15 23:38:54");
INSERT INTO `MyUser` (`id`, `email`, `firstName`, `familyName`, `fbId`) VALUES (69, "Amiya.Jast13@yahoo.com", "Neal", "Batz", 10000000069 );
INSERT INTO `UserLanguage` (`userId`, `languageId`) VALUES (69, 2);
INSERT INTO `UserLanguage` (`userId`, `languageId`) VALUES (69, 3);
INSERT INTO `UserLanguage` (`userId`, `languageId`) VALUES (69, 9);
INSERT INTO `Goal` (`hoursPerWeek`, `weeklyBudget`, `headline`, `description`, `status`, `apprenticeId`, `createdAt`, `updatedAt`) VALUES (12, 381151, "Repellat exercitationem ratione aut enim.", "Soluta dolores magnam. Molestias nihil et voluptas repellendus ut neque et accusamus. Id veritatis voluptas quaerat. Tempora numquam nihil ratione nemo ducimus beatae ea quisquam reiciendis.", "open", 69, "2017-09-27 19:14:39", "2017-09-27 19:14:39");
INSERT INTO `Goal` (`hoursPerWeek`, `weeklyBudget`, `headline`, `description`, `status`, `apprenticeId`, `createdAt`, `updatedAt`) VALUES (25, 51877, "Doloribus dolorem est.", "Itaque perferendis laudantium magnam perferendis nemo voluptatem at. Cupiditate quia nulla eum neque est. Alias ut et nulla ea dolores ducimus fuga. Quia accusamus temporibus.", "open", 69, "2017-07-18 11:06:43", "2017-07-18 11:06:43");
INSERT INTO `MyUser` (`id`, `email`, `firstName`, `familyName`, `fbId`) VALUES (70, "Grayson_Rohan20@gmail.com", "Stuart", "Wiza", 10000000070 );
INSERT INTO `UserLanguage` (`userId`, `languageId`) VALUES (70, 5);
INSERT INTO `UserLanguage` (`userId`, `languageId`) VALUES (70, 2);
INSERT INTO `Goal` (`hoursPerWeek`, `weeklyBudget`, `headline`, `description`, `status`, `apprenticeId`, `createdAt`, `updatedAt`) VALUES (6, 150427, "Exercitationem excepturi deleniti et odio itaque at eius.", "Sit non sint autem illo eum alias voluptatem illo. Earum molestias assumenda eaque impedit illum. Ad ipsum occaecati nihil. Illo qui et.", "open", 70, "2017-08-05 20:14:55", "2017-08-05 20:14:55");
INSERT INTO `MyUser` (`id`, `email`, `firstName`, `familyName`, `fbId`) VALUES (71, "Julia2@yahoo.com", "Victoria", "Tromp", 10000000071 );
INSERT INTO `UserLanguage` (`userId`, `languageId`) VALUES (71, 5);
INSERT INTO `Goal` (`hoursPerWeek`, `weeklyBudget`, `headline`, `description`, `status`, `apprenticeId`, `createdAt`, `updatedAt`) VALUES (32, 219528, "Vel minus aliquid quas impedit quidem repudiandae aut vel quo.", "Voluptas eum occaecati nesciunt porro commodi. Totam et et ad iure eum. Quia nihil eveniet ut eos natus ullam non ipsa nam. Et necessitatibus nihil voluptate qui fugit.", "open", 71, "2017-11-02 17:28:35", "2017-11-02 17:28:35");
INSERT INTO `MyUser` (`id`, `email`, `firstName`, `familyName`, `fbId`) VALUES (72, "Efren.Simonis@yahoo.com", "Elroy", "Bednar", 10000000072 );
INSERT INTO `UserLanguage` (`userId`, `languageId`) VALUES (72, 3);
INSERT INTO `UserLanguage` (`userId`, `languageId`) VALUES (72, 7);
INSERT INTO `UserLanguage` (`userId`, `languageId`) VALUES (72, 9);
INSERT INTO `Goal` (`hoursPerWeek`, `weeklyBudget`, `headline`, `description`, `status`, `apprenticeId`, `createdAt`, `updatedAt`) VALUES (7, 96221, "Minima nulla ullam reprehenderit harum odio qui.", "Quis qui consequatur ratione repudiandae. Quasi id iusto nam nam voluptatem quo corporis et non. Eligendi dolores id aut. Ducimus velit alias et sed quisquam.", "open", 72, "2017-08-12 17:44:34", "2017-08-12 17:44:34");
INSERT INTO `Goal` (`hoursPerWeek`, `weeklyBudget`, `headline`, `description`, `status`, `apprenticeId`, `createdAt`, `updatedAt`) VALUES (5, 270915, "Vel expedita sequi.", "Vel rem culpa vero quis et at ratione sit. Aliquid magni fugit accusamus delectus qui mollitia pariatur dolores cupiditate. Asperiores non ipsa consequuntur expedita. Soluta est omnis enim ex minima velit omnis cupiditate.", "open", 72, "2017-09-16 12:56:50", "2017-09-16 12:56:50");
INSERT INTO `Goal` (`hoursPerWeek`, `weeklyBudget`, `headline`, `description`, `status`, `apprenticeId`, `createdAt`, `updatedAt`) VALUES (15, 45708, "Repudiandae placeat incidunt voluptatem tempore magni occaecati ea.", "Consequuntur nostrum occaecati deserunt suscipit voluptas id. Quia quis ut ex tempora quia qui. Quos iusto asperiores iure suscipit. Officiis natus qui odio aperiam consectetur earum quidem.", "open", 72, "2017-08-13 05:32:40", "2017-08-13 05:32:40");
INSERT INTO `MyUser` (`id`, `email`, `firstName`, `familyName`, `fbId`) VALUES (73, "Valentine_Upton@gmail.com", "Constance", "Deckow", 10000000073 );
INSERT INTO `UserLanguage` (`userId`, `languageId`) VALUES (73, 5);
INSERT INTO `Goal` (`hoursPerWeek`, `weeklyBudget`, `headline`, `description`, `status`, `apprenticeId`, `createdAt`, `updatedAt`) VALUES (28, 430447, "Aut excepturi architecto quisquam.", "Quia eligendi fugiat consequatur sed qui. Aliquid vero aut neque consectetur eos magnam qui repudiandae. Expedita necessitatibus magnam assumenda reiciendis enim perspiciatis nobis vel perferendis. Voluptatem qui non quos dolor.", "open", 73, "2017-08-03 11:45:03", "2017-08-03 11:45:03");
INSERT INTO `Goal` (`hoursPerWeek`, `weeklyBudget`, `headline`, `description`, `status`, `apprenticeId`, `createdAt`, `updatedAt`) VALUES (26, 392499, "Consequuntur autem corporis asperiores soluta deserunt dolorem ea.", "Esse ut fugiat et omnis voluptate illum. Ullam molestiae voluptatem. Consectetur iusto repudiandae. Non officiis vero facilis sunt deserunt.", "open", 73, "2017-10-02 10:29:48", "2017-10-02 10:29:48");
INSERT INTO `Goal` (`hoursPerWeek`, `weeklyBudget`, `headline`, `description`, `status`, `apprenticeId`, `createdAt`, `updatedAt`) VALUES (37, 102243, "Aut fugit illo consectetur temporibus consequatur similique tenetur et odit.", "Sapiente reiciendis culpa nulla ut aliquid praesentium qui quam et. Saepe vitae porro amet aut. Atque est autem error. Occaecati omnis temporibus et repudiandae.", "open", 73, "2017-09-05 23:42:24", "2017-09-05 23:42:24");
INSERT INTO `MyUser` (`id`, `email`, `firstName`, `familyName`, `fbId`) VALUES (74, "Lafayette_McDermott66@yahoo.com", "Layla", "Turner", 10000000074 );
INSERT INTO `UserLanguage` (`userId`, `languageId`) VALUES (74, 6);
INSERT INTO `UserLanguage` (`userId`, `languageId`) VALUES (74, 7);
INSERT INTO `Goal` (`hoursPerWeek`, `weeklyBudget`, `headline`, `description`, `status`, `apprenticeId`, `createdAt`, `updatedAt`) VALUES (35, 231230, "Rem quo expedita nihil.", "Suscipit doloremque sed doloribus repellendus quod adipisci. Aspernatur maiores sed. Quisquam suscipit aut. Aut eos quia sed culpa quod velit.", "open", 74, "2017-07-22 10:29:05", "2017-07-22 10:29:05");
INSERT INTO `Goal` (`hoursPerWeek`, `weeklyBudget`, `headline`, `description`, `status`, `apprenticeId`, `createdAt`, `updatedAt`) VALUES (3, 71632, "Rerum unde optio magni ut totam.", "Iste tenetur velit error voluptas et minus molestiae. Aut odio maxime voluptates est non consequatur. Sunt iste harum accusantium. Accusamus ut et.", "open", 74, "2017-11-06 10:45:57", "2017-11-06 10:45:57");
INSERT INTO `Goal` (`hoursPerWeek`, `weeklyBudget`, `headline`, `description`, `status`, `apprenticeId`, `createdAt`, `updatedAt`) VALUES (36, 68453, "Doloribus unde exercitationem modi occaecati officiis cupiditate aliquid.", "Voluptatem et quia. Voluptatem quia nobis quia necessitatibus rem. Omnis ut sit omnis aspernatur autem molestiae. Dolores quia harum voluptate eos ut.", "open", 74, "2017-08-19 02:39:11", "2017-08-19 02:39:11");
INSERT INTO `MyUser` (`id`, `email`, `firstName`, `familyName`, `fbId`) VALUES (75, "Ernest42@hotmail.com", "Marisol", "Douglas", 10000000075 );
INSERT INTO `UserLanguage` (`userId`, `languageId`) VALUES (75, 6);
INSERT INTO `Goal` (`hoursPerWeek`, `weeklyBudget`, `headline`, `description`, `status`, `apprenticeId`, `createdAt`, `updatedAt`) VALUES (34, 377676, "Reiciendis vel aut asperiores.", "Et minus necessitatibus voluptas velit cumque voluptate corporis. Inventore natus omnis cum commodi iure laudantium expedita. Ea ut accusamus dicta reprehenderit. Illum saepe fuga amet.", "open", 75, "2017-09-03 06:38:07", "2017-09-03 06:38:07");
INSERT INTO `Goal` (`hoursPerWeek`, `weeklyBudget`, `headline`, `description`, `status`, `apprenticeId`, `createdAt`, `updatedAt`) VALUES (6, 453853, "Animi nihil distinctio eos nisi et laboriosam consectetur.", "Tenetur at tempora tempore rerum fuga ut. Delectus natus et. Aut blanditiis neque repudiandae consequatur et consequatur tempore. Nobis et ut harum dolorum.", "open", 75, "2017-07-19 14:29:30", "2017-07-19 14:29:30");
INSERT INTO `MyUser` (`id`, `email`, `firstName`, `familyName`, `fbId`) VALUES (76, "Kaia_Wolff@gmail.com", "Mozell", "Rolfson", 10000000076 );
INSERT INTO `UserLanguage` (`userId`, `languageId`) VALUES (76, 10);
INSERT INTO `UserLanguage` (`userId`, `languageId`) VALUES (76, 2);
INSERT INTO `UserLanguage` (`userId`, `languageId`) VALUES (76, 8);
INSERT INTO `Goal` (`hoursPerWeek`, `weeklyBudget`, `headline`, `description`, `status`, `apprenticeId`, `createdAt`, `updatedAt`) VALUES (5, 374348, "Laboriosam placeat accusantium molestias veritatis non.", "Neque laudantium amet nam quo at consequatur quaerat corrupti et. Dolores nesciunt eum. Voluptatem est ut corporis. Qui rerum quae repellendus blanditiis velit sed consequatur omnis.", "open", 76, "2017-09-21 20:02:08", "2017-09-21 20:02:08");
INSERT INTO `Goal` (`hoursPerWeek`, `weeklyBudget`, `headline`, `description`, `status`, `apprenticeId`, `createdAt`, `updatedAt`) VALUES (5, 332313, "Nihil et optio eos similique perspiciatis dolorum tempore qui.", "Et quod aut. Voluptas sapiente quidem. Commodi officiis est voluptatibus vel. Corporis harum fugit sed dolorem doloribus nisi ut vel.", "open", 76, "2017-07-07 08:07:33", "2017-07-07 08:07:33");
INSERT INTO `MyUser` (`id`, `email`, `firstName`, `familyName`, `fbId`) VALUES (77, "Percival75@hotmail.com", "Luz", "Dicki", 10000000077 );
INSERT INTO `UserLanguage` (`userId`, `languageId`) VALUES (77, 4);
INSERT INTO `Goal` (`hoursPerWeek`, `weeklyBudget`, `headline`, `description`, `status`, `apprenticeId`, `createdAt`, `updatedAt`) VALUES (20, 264551, "Ad amet laborum repudiandae nihil voluptas consequatur.", "Quis sit minus natus et. Sint aut suscipit adipisci. Necessitatibus dolor voluptatum. Fuga eum eos ipsum dolor.", "open", 77, "2017-07-24 04:49:07", "2017-07-24 04:49:07");
INSERT INTO `Goal` (`hoursPerWeek`, `weeklyBudget`, `headline`, `description`, `status`, `apprenticeId`, `createdAt`, `updatedAt`) VALUES (19, 312494, "Voluptatem sint aliquam eaque.", "Similique corporis qui amet. Voluptas numquam saepe ut ad placeat omnis ratione cum. Repellendus eos facere explicabo. Delectus recusandae fugiat magni quod maxime pariatur eligendi.", "open", 77, "2017-09-19 09:59:59", "2017-09-19 09:59:59");
INSERT INTO `Goal` (`hoursPerWeek`, `weeklyBudget`, `headline`, `description`, `status`, `apprenticeId`, `createdAt`, `updatedAt`) VALUES (39, 177514, "Veritatis quia sed sequi et.", "Assumenda ducimus ea sequi possimus sed aut eos. Error pariatur sed sed laudantium. Dolorum et tenetur iste repudiandae quo. Molestiae omnis ab consectetur exercitationem quod corrupti.", "open", 77, "2017-08-04 00:37:29", "2017-08-04 00:37:29");
INSERT INTO `MyUser` (`id`, `email`, `firstName`, `familyName`, `fbId`) VALUES (78, "Elnora46@gmail.com", "Gaetano", "Roob", 10000000078 );
INSERT INTO `UserLanguage` (`userId`, `languageId`) VALUES (78, 4);
INSERT INTO `UserLanguage` (`userId`, `languageId`) VALUES (78, 5);
INSERT INTO `UserLanguage` (`userId`, `languageId`) VALUES (78, 6);
INSERT INTO `Goal` (`hoursPerWeek`, `weeklyBudget`, `headline`, `description`, `status`, `apprenticeId`, `createdAt`, `updatedAt`) VALUES (35, 490849, "Culpa deserunt ut sed perspiciatis ea.", "Amet vel reiciendis laborum mollitia et et amet saepe recusandae. Officia voluptas sint occaecati excepturi at rerum veritatis. Blanditiis eius aut asperiores ut dolorum temporibus qui. Fugiat ipsa est suscipit consequatur.", "open", 78, "2017-10-10 14:20:43", "2017-10-10 14:20:43");
INSERT INTO `Goal` (`hoursPerWeek`, `weeklyBudget`, `headline`, `description`, `status`, `apprenticeId`, `createdAt`, `updatedAt`) VALUES (25, 413037, "Non enim quaerat dolores dolore eum.", "Qui consectetur culpa ea ut qui commodi. Aut blanditiis qui ut sed. Veniam aut quas quod. Illo voluptates deleniti possimus unde quod porro non sunt soluta.", "open", 78, "2017-11-16 22:47:22", "2017-11-16 22:47:22");
INSERT INTO `MyUser` (`id`, `email`, `firstName`, `familyName`, `fbId`) VALUES (79, "Augustus_Moen@yahoo.com", "Humberto", "Larkin", 10000000079 );
INSERT INTO `UserLanguage` (`userId`, `languageId`) VALUES (79, 9);
INSERT INTO `Goal` (`hoursPerWeek`, `weeklyBudget`, `headline`, `description`, `status`, `apprenticeId`, `createdAt`, `updatedAt`) VALUES (15, 295372, "Sit nobis ut sint porro veniam qui nemo pariatur et.", "Autem ut dolor saepe vitae sed sunt ut quas recusandae. Saepe quisquam sit laboriosam sint praesentium velit unde perspiciatis. Nobis reiciendis sapiente consequatur dolore quia fugit. Quidem qui assumenda corporis et mollitia laudantium doloremque.", "open", 79, "2017-07-31 13:40:58", "2017-07-31 13:40:58");
INSERT INTO `Goal` (`hoursPerWeek`, `weeklyBudget`, `headline`, `description`, `status`, `apprenticeId`, `createdAt`, `updatedAt`) VALUES (32, 212171, "Omnis doloribus harum officiis sed et aut officia quibusdam.", "Asperiores eum asperiores unde. Dicta iste maiores in deserunt voluptas eos. Deleniti omnis veniam est repudiandae facere et maiores possimus ea. Sunt et ad quis aut.", "open", 79, "2017-11-09 19:47:43", "2017-11-09 19:47:43");
INSERT INTO `Goal` (`hoursPerWeek`, `weeklyBudget`, `headline`, `description`, `status`, `apprenticeId`, `createdAt`, `updatedAt`) VALUES (3, 482764, "Molestiae qui voluptas optio reiciendis laborum corporis et distinctio.", "Neque rerum vel facilis qui. Eveniet ea omnis libero enim qui. Illum quidem optio dolor est quo. Dolor natus nobis.", "open", 79, "2017-07-13 03:27:04", "2017-07-13 03:27:04");
INSERT INTO `Goal` (`hoursPerWeek`, `weeklyBudget`, `headline`, `description`, `status`, `apprenticeId`, `createdAt`, `updatedAt`) VALUES (30, 121612, "Unde ut modi.", "Eum nesciunt et delectus molestiae repellendus iusto nemo sit est. Vel consequatur quo maiores provident. Provident exercitationem est voluptas eos est. Aliquid aliquid labore ipsam consectetur.", "open", 79, "2017-08-06 16:38:59", "2017-08-06 16:38:59");
INSERT INTO `MyUser` (`id`, `email`, `firstName`, `familyName`, `fbId`) VALUES (80, "Lauretta.Morar@hotmail.com", "Fannie", "Haag", 10000000080 );
INSERT INTO `UserLanguage` (`userId`, `languageId`) VALUES (80, 2);
INSERT INTO `Goal` (`hoursPerWeek`, `weeklyBudget`, `headline`, `description`, `status`, `apprenticeId`, `createdAt`, `updatedAt`) VALUES (38, 273060, "Recusandae labore voluptatem sed.", "Velit sed sequi sed sunt quia iusto est sapiente molestiae. Ipsum ea consequatur amet dolores. Ipsum eaque error molestias iste et. Quo minima sed dolore et debitis quo vel.", "open", 80, "2017-08-31 10:36:59", "2017-08-31 10:36:59");
INSERT INTO `Goal` (`hoursPerWeek`, `weeklyBudget`, `headline`, `description`, `status`, `apprenticeId`, `createdAt`, `updatedAt`) VALUES (20, 238708, "Laudantium dolore modi.", "Iure sint cumque ab quas blanditiis perferendis. Voluptas et veniam corrupti cum. Consequuntur voluptatum voluptas quas. Sed occaecati harum dolor nihil necessitatibus accusantium pariatur unde qui.", "open", 80, "2017-11-14 21:56:05", "2017-11-14 21:56:05");
INSERT INTO `Goal` (`hoursPerWeek`, `weeklyBudget`, `headline`, `description`, `status`, `apprenticeId`, `createdAt`, `updatedAt`) VALUES (32, 235213, "Nam rerum impedit qui consequatur omnis sed doloremque neque quo.", "Molestias illo eaque nobis facilis eaque omnis est dolorum commodi. Ipsam facere occaecati. Impedit labore aut cum. Iusto sed temporibus fugit omnis doloribus nihil voluptas aut.", "open", 80, "2017-06-21 19:11:39", "2017-06-21 19:11:39");
INSERT INTO `Goal` (`hoursPerWeek`, `weeklyBudget`, `headline`, `description`, `status`, `apprenticeId`, `createdAt`, `updatedAt`) VALUES (40, 104777, "Laudantium dolorum dolores deleniti aliquam.", "Illum quasi aut iure quo iusto excepturi qui voluptatum. Libero asperiores dignissimos qui. Ea ut distinctio cumque. Unde qui nostrum voluptate exercitationem voluptate aut et.", "open", 80, "2017-10-17 05:56:31", "2017-10-17 05:56:31");
INSERT INTO `MyUser` (`id`, `email`, `firstName`, `familyName`, `fbId`) VALUES (81, "Arielle_Upton@hotmail.com", "Ilene", "Fay", 10000000081 );
INSERT INTO `UserLanguage` (`userId`, `languageId`) VALUES (81, 1);
INSERT INTO `Goal` (`hoursPerWeek`, `weeklyBudget`, `headline`, `description`, `status`, `apprenticeId`, `createdAt`, `updatedAt`) VALUES (18, 57422, "Dolor quibusdam enim aut itaque.", "Similique eius quis cupiditate. Earum mollitia qui in illum asperiores quod veniam. Asperiores voluptas omnis delectus labore maiores alias nemo. Ut incidunt nostrum ut atque temporibus ad eligendi.", "open", 81, "2017-08-26 07:57:03", "2017-08-26 07:57:03");
INSERT INTO `Goal` (`hoursPerWeek`, `weeklyBudget`, `headline`, `description`, `status`, `apprenticeId`, `createdAt`, `updatedAt`) VALUES (36, 160213, "Sint at provident consequuntur nam natus dicta impedit sit.", "Non mollitia dolorem deserunt dicta assumenda voluptas minima velit dolorem. Itaque hic similique harum ad quos numquam reiciendis. Ipsam quia ratione pariatur. Et omnis ullam ut.", "open", 81, "2017-07-18 06:38:08", "2017-07-18 06:38:08");
INSERT INTO `MyUser` (`id`, `email`, `firstName`, `familyName`, `fbId`) VALUES (82, "Brandy.Hauck@yahoo.com", "Hope", "Mosciski", 10000000082 );
INSERT INTO `UserLanguage` (`userId`, `languageId`) VALUES (82, 9);
INSERT INTO `UserLanguage` (`userId`, `languageId`) VALUES (82, 1);
INSERT INTO `UserLanguage` (`userId`, `languageId`) VALUES (82, 7);
INSERT INTO `Goal` (`hoursPerWeek`, `weeklyBudget`, `headline`, `description`, `status`, `apprenticeId`, `createdAt`, `updatedAt`) VALUES (29, 338791, "Commodi rerum nihil modi non aliquid facere eos tempora.", "Recusandae molestiae consequatur aperiam voluptatem doloremque earum velit omnis blanditiis. Enim dolorum sunt qui eum veritatis voluptate repudiandae. Consectetur odio ullam et dignissimos dolorem omnis. Voluptates maiores molestias explicabo totam.", "open", 82, "2017-07-14 04:13:47", "2017-07-14 04:13:47");
INSERT INTO `Goal` (`hoursPerWeek`, `weeklyBudget`, `headline`, `description`, `status`, `apprenticeId`, `createdAt`, `updatedAt`) VALUES (18, 362885, "Tempora reiciendis repellat earum.", "Enim harum animi nisi nihil placeat qui praesentium neque. Delectus esse nihil a id sequi at aliquam. Facilis dicta ut fuga molestias eaque. Perferendis enim est cumque est et.", "open", 82, "2017-11-03 09:51:12", "2017-11-03 09:51:12");
INSERT INTO `MyUser` (`id`, `email`, `firstName`, `familyName`, `fbId`) VALUES (83, "Creola31@gmail.com", "Isidro", "Gulgowski", 10000000083 );
INSERT INTO `UserLanguage` (`userId`, `languageId`) VALUES (83, 9);
INSERT INTO `Goal` (`hoursPerWeek`, `weeklyBudget`, `headline`, `description`, `status`, `apprenticeId`, `createdAt`, `updatedAt`) VALUES (36, 186534, "Magnam facere tenetur quasi quod voluptatibus quia.", "Non quos qui. Expedita voluptates voluptate saepe autem. Doloribus ut debitis corporis ex et. Minus id neque.", "open", 83, "2017-07-06 07:11:39", "2017-07-06 07:11:39");
INSERT INTO `Goal` (`hoursPerWeek`, `weeklyBudget`, `headline`, `description`, `status`, `apprenticeId`, `createdAt`, `updatedAt`) VALUES (19, 324106, "Consequatur veritatis qui.", "Quasi saepe modi ipsam quia neque culpa numquam. Aspernatur ea a voluptatem et nihil dolore qui unde. Sed aut dolores a autem doloribus assumenda qui non. Tempore debitis molestiae perferendis omnis quaerat.", "open", 83, "2017-07-13 15:28:32", "2017-07-13 15:28:32");
INSERT INTO `MyUser` (`id`, `email`, `firstName`, `familyName`, `fbId`) VALUES (84, "Annette_Schiller@hotmail.com", "Esteban", "Jakubowski", 10000000084 );
INSERT INTO `UserLanguage` (`userId`, `languageId`) VALUES (84, 5);
INSERT INTO `Goal` (`hoursPerWeek`, `weeklyBudget`, `headline`, `description`, `status`, `apprenticeId`, `createdAt`, `updatedAt`) VALUES (8, 190452, "Quisquam voluptatem omnis delectus saepe et fuga.", "Tenetur tempore sed ipsam inventore. Accusamus eum dolor ipsam. Perspiciatis ut ut dolor harum excepturi eius et. Sit nihil ut exercitationem reprehenderit est.", "open", 84, "2017-11-12 13:46:59", "2017-11-12 13:46:59");
INSERT INTO `Goal` (`hoursPerWeek`, `weeklyBudget`, `headline`, `description`, `status`, `apprenticeId`, `createdAt`, `updatedAt`) VALUES (27, 451666, "Recusandae consequuntur et quae vero sit.", "Iste minima similique aperiam et consequatur aut dolores. Impedit laboriosam et. A fugit nobis minus voluptas quas quos consectetur nihil quisquam. Dolorum et laborum nam perspiciatis.", "open", 84, "2017-06-25 16:50:35", "2017-06-25 16:50:35");
INSERT INTO `MyUser` (`id`, `email`, `firstName`, `familyName`, `fbId`) VALUES (85, "Jeramie_Flatley@yahoo.com", "Muriel", "Jenkins", 10000000085 );
INSERT INTO `UserLanguage` (`userId`, `languageId`) VALUES (85, 6);
INSERT INTO `UserLanguage` (`userId`, `languageId`) VALUES (85, 8);
INSERT INTO `Goal` (`hoursPerWeek`, `weeklyBudget`, `headline`, `description`, `status`, `apprenticeId`, `createdAt`, `updatedAt`) VALUES (33, 449842, "Odio ut omnis rerum laudantium magni incidunt temporibus.", "Hic animi aliquam at eaque ut. Quos distinctio aut quia totam sit. Laborum enim est ullam magnam quaerat. Tenetur consequatur quis laudantium velit.", "open", 85, "2017-11-05 08:41:36", "2017-11-05 08:41:36");
INSERT INTO `MyUser` (`id`, `email`, `firstName`, `familyName`, `fbId`) VALUES (86, "Leopoldo.Corwin71@gmail.com", "Lawson", "Osinski", 10000000086 );
INSERT INTO `UserLanguage` (`userId`, `languageId`) VALUES (86, 10);
INSERT INTO `Goal` (`hoursPerWeek`, `weeklyBudget`, `headline`, `description`, `status`, `apprenticeId`, `createdAt`, `updatedAt`) VALUES (28, 399312, "Quae asperiores natus qui laudantium.", "Architecto nostrum vero nulla atque nostrum aut consequatur qui id. Aut est et in tempora similique. Ullam dolores eveniet nulla. Doloribus dolores modi.", "open", 86, "2017-10-03 10:13:38", "2017-10-03 10:13:38");
INSERT INTO `Goal` (`hoursPerWeek`, `weeklyBudget`, `headline`, `description`, `status`, `apprenticeId`, `createdAt`, `updatedAt`) VALUES (3, 167621, "Quia enim voluptatibus quae amet sunt ea.", "Beatae reprehenderit perspiciatis explicabo. Labore ullam repellat eos nobis sint. Eius quibusdam harum veritatis beatae. Mollitia ipsam est ut laudantium sit repellat excepturi modi.", "open", 86, "2017-08-03 01:14:24", "2017-08-03 01:14:24");
INSERT INTO `Goal` (`hoursPerWeek`, `weeklyBudget`, `headline`, `description`, `status`, `apprenticeId`, `createdAt`, `updatedAt`) VALUES (17, 185779, "Quo ut rerum nobis sit neque fuga tenetur autem at.", "Suscipit soluta et nisi qui velit est quia atque eius. Laboriosam ea qui possimus voluptate ullam ea. Deleniti dolor vero. Ipsa nulla dolore et.", "open", 86, "2017-07-16 18:32:52", "2017-07-16 18:32:52");
INSERT INTO `Goal` (`hoursPerWeek`, `weeklyBudget`, `headline`, `description`, `status`, `apprenticeId`, `createdAt`, `updatedAt`) VALUES (25, 155398, "Qui eos at consequuntur reprehenderit.", "Voluptatem voluptas explicabo quia excepturi at nihil earum rem dolores. Officiis eos eos voluptas omnis et dolor deserunt. Voluptas adipisci magnam provident aut. Tempore dicta sed vero aspernatur eum voluptate.", "open", 86, "2017-07-20 00:06:24", "2017-07-20 00:06:24");
INSERT INTO `MyUser` (`id`, `email`, `firstName`, `familyName`, `fbId`) VALUES (87, "Gloria85@yahoo.com", "Easton", "Wehner", 10000000087 );
INSERT INTO `UserLanguage` (`userId`, `languageId`) VALUES (87, 3);
INSERT INTO `UserLanguage` (`userId`, `languageId`) VALUES (87, 5);
INSERT INTO `Goal` (`hoursPerWeek`, `weeklyBudget`, `headline`, `description`, `status`, `apprenticeId`, `createdAt`, `updatedAt`) VALUES (19, 189087, "Voluptas minus non ipsum qui velit dolor.", "Nesciunt et ipsam ut et expedita voluptatem ex unde. Dolores est quia id. Quae adipisci quia porro laudantium voluptatem dolor voluptatem cupiditate minima. Aut quas omnis culpa unde quidem illo.", "open", 87, "2017-08-17 19:55:07", "2017-08-17 19:55:07");
INSERT INTO `Goal` (`hoursPerWeek`, `weeklyBudget`, `headline`, `description`, `status`, `apprenticeId`, `createdAt`, `updatedAt`) VALUES (39, 362927, "Et dolorem aut voluptatibus.", "Hic magni expedita voluptas fugit. Quia et culpa amet quia fugiat laborum. Quod libero consequatur consectetur minus. Atque in facere odit quam.", "open", 87, "2017-07-10 00:38:20", "2017-07-10 00:38:20");
INSERT INTO `Goal` (`hoursPerWeek`, `weeklyBudget`, `headline`, `description`, `status`, `apprenticeId`, `createdAt`, `updatedAt`) VALUES (7, 496989, "Facilis quos accusantium.", "Quo ut tenetur animi ut. Repudiandae esse excepturi ut laudantium excepturi alias at. Voluptatem fugiat dolorum quia ratione harum sit laudantium beatae numquam. Vel et voluptas nesciunt consequatur temporibus tempore deleniti qui.", "open", 87, "2017-08-15 23:57:30", "2017-08-15 23:57:30");
INSERT INTO `MyUser` (`id`, `email`, `firstName`, `familyName`, `fbId`) VALUES (88, "Eladio.Dickinson@gmail.com", "Vivienne", "Auer", 10000000088 );
INSERT INTO `UserLanguage` (`userId`, `languageId`) VALUES (88, 1);
INSERT INTO `Goal` (`hoursPerWeek`, `weeklyBudget`, `headline`, `description`, `status`, `apprenticeId`, `createdAt`, `updatedAt`) VALUES (21, 467302, "Nobis quae reiciendis nihil similique ut.", "Et vel repellendus. Suscipit animi similique nulla sequi fugiat rem. Nulla non sit natus quasi distinctio id sed qui. Aut numquam cumque ut.", "open", 88, "2017-07-11 08:44:38", "2017-07-11 08:44:38");
INSERT INTO `MyUser` (`id`, `email`, `firstName`, `familyName`, `fbId`) VALUES (89, "Kaden.Erdman14@yahoo.com", "Camille", "Berge", 10000000089 );
INSERT INTO `UserLanguage` (`userId`, `languageId`) VALUES (89, 6);
INSERT INTO `Goal` (`hoursPerWeek`, `weeklyBudget`, `headline`, `description`, `status`, `apprenticeId`, `createdAt`, `updatedAt`) VALUES (41, 149144, "Sapiente voluptatibus aut aut dolorem maxime ea pariatur.", "Reiciendis illum porro nihil id non odit. Fuga iste fugiat velit. Voluptate numquam harum cum sit eos cum voluptas magni nulla. Officiis voluptatibus non ex provident cum pariatur non voluptatem.", "open", 89, "2017-07-18 02:27:34", "2017-07-18 02:27:34");
INSERT INTO `Goal` (`hoursPerWeek`, `weeklyBudget`, `headline`, `description`, `status`, `apprenticeId`, `createdAt`, `updatedAt`) VALUES (2, 299612, "Cum nam qui cupiditate dolor harum et.", "Quis tenetur explicabo est et consectetur laudantium assumenda veritatis iste. Sunt nulla libero sed aut rerum vel sint. Consequatur quis ratione molestiae animi voluptatem molestias. Dolor nisi voluptas consequatur ullam veritatis.", "open", 89, "2017-08-21 20:40:24", "2017-08-21 20:40:24");
INSERT INTO `Goal` (`hoursPerWeek`, `weeklyBudget`, `headline`, `description`, `status`, `apprenticeId`, `createdAt`, `updatedAt`) VALUES (15, 265815, "Enim ipsa consectetur id maxime nulla repudiandae perferendis in sed.", "Id unde odio aut earum quidem velit at. Fuga adipisci doloremque ut fuga. Similique a non id. Quod dicta est quasi.", "open", 89, "2017-07-03 06:46:36", "2017-07-03 06:46:36");
INSERT INTO `MyUser` (`id`, `email`, `firstName`, `familyName`, `fbId`) VALUES (90, "Vladimir.Kulas41@yahoo.com", "Mattie", "Waelchi", 10000000090 );
INSERT INTO `UserLanguage` (`userId`, `languageId`) VALUES (90, 3);
INSERT INTO `Goal` (`hoursPerWeek`, `weeklyBudget`, `headline`, `description`, `status`, `apprenticeId`, `createdAt`, `updatedAt`) VALUES (39, 157402, "Molestiae dolore suscipit rerum ut.", "Placeat ullam eaque magni aut rerum non provident natus dolorum. Voluptas aut sed laboriosam aut beatae eaque quae. Rem iusto tenetur. Consequuntur quos eos.", "open", 90, "2017-08-20 03:14:16", "2017-08-20 03:14:16");
INSERT INTO `Goal` (`hoursPerWeek`, `weeklyBudget`, `headline`, `description`, `status`, `apprenticeId`, `createdAt`, `updatedAt`) VALUES (37, 323907, "Sed repellat et et quo sit quia esse assumenda maiores.", "Facilis in cupiditate quo. Consequatur velit assumenda fugit reiciendis ratione laboriosam dolorem dolores labore. Et autem ipsam qui enim sapiente ratione saepe suscipit saepe. Quidem quaerat et ut.", "open", 90, "2017-07-29 13:39:42", "2017-07-29 13:39:42");
INSERT INTO `Goal` (`hoursPerWeek`, `weeklyBudget`, `headline`, `description`, `status`, `apprenticeId`, `createdAt`, `updatedAt`) VALUES (21, 51822, "Dignissimos voluptatem cumque blanditiis libero ab eligendi est vitae.", "Dolor aut molestiae tenetur minus sapiente deserunt libero. Qui amet excepturi perspiciatis sint adipisci ut. Eius corrupti minima voluptate nostrum quas perspiciatis occaecati. A excepturi dolor laboriosam voluptates aut labore ea.", "open", 90, "2017-08-30 07:00:46", "2017-08-30 07:00:46");
INSERT INTO `Goal` (`hoursPerWeek`, `weeklyBudget`, `headline`, `description`, `status`, `apprenticeId`, `createdAt`, `updatedAt`) VALUES (12, 382136, "Consequatur ut similique laborum molestiae ea.", "Iure accusamus quaerat eaque minus sit itaque. Non et minima officiis repudiandae. Rerum voluptatem delectus amet laborum qui est dolore. Eos aut ex tempore distinctio iste ullam.", "open", 90, "2017-09-29 23:49:47", "2017-09-29 23:49:47");
INSERT INTO `MyUser` (`id`, `email`, `firstName`, `familyName`, `fbId`) VALUES (91, "Rahul.Bartoletti@yahoo.com", "Weldon", "Farrell", 10000000091 );
INSERT INTO `UserLanguage` (`userId`, `languageId`) VALUES (91, 8);
INSERT INTO `Goal` (`hoursPerWeek`, `weeklyBudget`, `headline`, `description`, `status`, `apprenticeId`, `createdAt`, `updatedAt`) VALUES (34, 134305, "Possimus voluptatem voluptatem at tempora qui facilis error et.", "Error modi rem incidunt. Possimus laborum aut ut ea rerum corrupti. Maxime dolorem distinctio nulla ea ut sapiente dolore illum. Quisquam repudiandae illo.", "open", 91, "2017-09-28 04:27:38", "2017-09-28 04:27:38");
INSERT INTO `MyUser` (`id`, `email`, `firstName`, `familyName`, `fbId`) VALUES (92, "Junius57@gmail.com", "Sydni", "Flatley", 10000000092 );
INSERT INTO `UserLanguage` (`userId`, `languageId`) VALUES (92, 5);
INSERT INTO `Goal` (`hoursPerWeek`, `weeklyBudget`, `headline`, `description`, `status`, `apprenticeId`, `createdAt`, `updatedAt`) VALUES (25, 367427, "Non deleniti molestiae provident quod.", "Et id quis placeat vitae. Quia et non. Aut voluptatum voluptas quas labore. Error dolores officia aut voluptas ea.", "open", 92, "2017-09-24 17:32:47", "2017-09-24 17:32:47");
INSERT INTO `Goal` (`hoursPerWeek`, `weeklyBudget`, `headline`, `description`, `status`, `apprenticeId`, `createdAt`, `updatedAt`) VALUES (33, 327374, "Quia vero assumenda id ullam veritatis.", "Odit error dignissimos qui occaecati dolorem ut quia. Eum sapiente facilis vero. Tempora aut ipsa voluptatibus sequi. Ut sint exercitationem veritatis expedita facilis.", "open", 92, "2017-08-29 06:31:34", "2017-08-29 06:31:34");
INSERT INTO `MyUser` (`id`, `email`, `firstName`, `familyName`, `fbId`) VALUES (93, "Sophia.Stark60@yahoo.com", "Hilario", "Okuneva", 10000000093 );
INSERT INTO `UserLanguage` (`userId`, `languageId`) VALUES (93, 6);
INSERT INTO `UserLanguage` (`userId`, `languageId`) VALUES (93, 1);
INSERT INTO `UserLanguage` (`userId`, `languageId`) VALUES (93, 5);
INSERT INTO `Goal` (`hoursPerWeek`, `weeklyBudget`, `headline`, `description`, `status`, `apprenticeId`, `createdAt`, `updatedAt`) VALUES (7, 246241, "Dolor similique itaque non suscipit doloremque.", "Et enim ratione soluta sequi. Id eos quo excepturi eum. Unde corrupti quia sequi sed. Tenetur aspernatur cumque quo repudiandae quis maxime ab.", "open", 93, "2017-07-03 23:59:09", "2017-07-03 23:59:09");
INSERT INTO `Goal` (`hoursPerWeek`, `weeklyBudget`, `headline`, `description`, `status`, `apprenticeId`, `createdAt`, `updatedAt`) VALUES (32, 13539, "Labore commodi ut id quisquam sed.", "Voluptatem accusamus ad occaecati. Dolores velit et modi enim illo in velit. Saepe et exercitationem molestiae voluptatem quis explicabo sed. Quis et reprehenderit.", "open", 93, "2017-08-28 15:21:28", "2017-08-28 15:21:28");
INSERT INTO `MyUser` (`id`, `email`, `firstName`, `familyName`, `fbId`) VALUES (94, "Will66@hotmail.com", "Kaela", "Senger", 10000000094 );
INSERT INTO `UserLanguage` (`userId`, `languageId`) VALUES (94, 8);
INSERT INTO `Goal` (`hoursPerWeek`, `weeklyBudget`, `headline`, `description`, `status`, `apprenticeId`, `createdAt`, `updatedAt`) VALUES (27, 280425, "Totam dicta a nobis perferendis eveniet harum a voluptas id.", "Aut maxime veniam deleniti autem. Magni qui quis deserunt perferendis. Sit et et maiores et at in sed ut. Labore libero omnis.", "open", 94, "2017-11-15 12:03:36", "2017-11-15 12:03:36");
INSERT INTO `Goal` (`hoursPerWeek`, `weeklyBudget`, `headline`, `description`, `status`, `apprenticeId`, `createdAt`, `updatedAt`) VALUES (36, 322544, "Excepturi exercitationem repellendus consequuntur.", "Aut harum illo quaerat ut voluptates. Nemo ratione autem corporis soluta consequatur aliquid odit. Deleniti earum quia qui. Harum omnis dolores.", "open", 94, "2017-07-18 18:15:40", "2017-07-18 18:15:40");
INSERT INTO `Goal` (`hoursPerWeek`, `weeklyBudget`, `headline`, `description`, `status`, `apprenticeId`, `createdAt`, `updatedAt`) VALUES (37, 352346, "Eos voluptate ad nemo accusantium sequi dolorem quia in et.", "Eligendi eos velit et veniam rerum sed explicabo quae. Voluptatibus sed suscipit incidunt quos reiciendis impedit animi molestiae sapiente. Est dolorem nesciunt aperiam cumque sit voluptatibus voluptatem quia doloremque. Aut ratione mollitia pariatur possimus dolorem repudiandae.", "open", 94, "2017-09-17 05:54:29", "2017-09-17 05:54:29");
INSERT INTO `Goal` (`hoursPerWeek`, `weeklyBudget`, `headline`, `description`, `status`, `apprenticeId`, `createdAt`, `updatedAt`) VALUES (3, 354806, "Debitis a incidunt unde officia eos vel eum cum corporis.", "Praesentium deleniti expedita exercitationem enim quis velit. Assumenda at magnam necessitatibus rerum nesciunt quia adipisci optio. Ut corporis laborum vero. Nam laborum natus in eos voluptas eos.", "open", 94, "2017-09-10 11:17:12", "2017-09-10 11:17:12");
INSERT INTO `MyUser` (`id`, `email`, `firstName`, `familyName`, `fbId`) VALUES (95, "Jordane.Ullrich22@yahoo.com", "Major", "Skiles", 10000000095 );
INSERT INTO `UserLanguage` (`userId`, `languageId`) VALUES (95, 10);
INSERT INTO `Goal` (`hoursPerWeek`, `weeklyBudget`, `headline`, `description`, `status`, `apprenticeId`, `createdAt`, `updatedAt`) VALUES (26, 296767, "Aut voluptas id repudiandae.", "Corporis fuga ea ut numquam ex. Et quis et sequi aliquam nemo. Odio maxime at quasi. Omnis atque itaque sint.", "open", 95, "2017-10-17 09:53:51", "2017-10-17 09:53:51");
INSERT INTO `Goal` (`hoursPerWeek`, `weeklyBudget`, `headline`, `description`, `status`, `apprenticeId`, `createdAt`, `updatedAt`) VALUES (21, 422120, "Unde rerum ea.", "Id quidem facere sunt. In aut est corporis earum. Voluptate quisquam sequi. Sed soluta iste.", "open", 95, "2017-07-03 19:20:49", "2017-07-03 19:20:49");
INSERT INTO `MyUser` (`id`, `email`, `firstName`, `familyName`, `fbId`) VALUES (96, "Oleta.Langworth83@yahoo.com", "Lindsey", "Treutel", 10000000096 );
INSERT INTO `UserLanguage` (`userId`, `languageId`) VALUES (96, 2);
INSERT INTO `UserLanguage` (`userId`, `languageId`) VALUES (96, 4);
INSERT INTO `UserLanguage` (`userId`, `languageId`) VALUES (96, 1);
INSERT INTO `Goal` (`hoursPerWeek`, `weeklyBudget`, `headline`, `description`, `status`, `apprenticeId`, `createdAt`, `updatedAt`) VALUES (10, 274463, "Mollitia aliquid molestiae blanditiis qui repudiandae laboriosam occaecati.", "Animi qui in molestiae. Nesciunt sequi eum fugiat autem blanditiis similique et. Ratione voluptas et eum et at eum. Vero nesciunt officiis asperiores.", "open", 96, "2017-08-24 20:17:27", "2017-08-24 20:17:27");
INSERT INTO `MyUser` (`id`, `email`, `firstName`, `familyName`, `fbId`) VALUES (97, "Kevon_Price73@hotmail.com", "Amparo", "Kemmer", 10000000097 );
INSERT INTO `UserLanguage` (`userId`, `languageId`) VALUES (97, 5);
INSERT INTO `Goal` (`hoursPerWeek`, `weeklyBudget`, `headline`, `description`, `status`, `apprenticeId`, `createdAt`, `updatedAt`) VALUES (34, 347425, "Sint id voluptas ea est.", "Neque animi cumque molestiae aperiam eligendi. Libero asperiores possimus. Earum at sapiente sit ea in qui placeat. Porro sint laudantium temporibus dolore sed qui dolor dolorem.", "open", 97, "2017-07-26 06:31:07", "2017-07-26 06:31:07");
INSERT INTO `MyUser` (`id`, `email`, `firstName`, `familyName`, `fbId`) VALUES (98, "Esteban29@hotmail.com", "Letha", "Hand", 10000000098 );
INSERT INTO `UserLanguage` (`userId`, `languageId`) VALUES (98, 2);
INSERT INTO `UserLanguage` (`userId`, `languageId`) VALUES (98, 6);
INSERT INTO `Goal` (`hoursPerWeek`, `weeklyBudget`, `headline`, `description`, `status`, `apprenticeId`, `createdAt`, `updatedAt`) VALUES (29, 37293, "Autem qui harum dolores temporibus itaque.", "Quis minus sed est eum sed aliquam. Sunt ipsum dolorum rem consequuntur sit. Aliquam doloribus ut nihil occaecati. Dolores fugit provident earum.", "open", 98, "2017-09-25 19:01:15", "2017-09-25 19:01:15");
INSERT INTO `Goal` (`hoursPerWeek`, `weeklyBudget`, `headline`, `description`, `status`, `apprenticeId`, `createdAt`, `updatedAt`) VALUES (35, 365590, "Beatae qui voluptas autem pariatur.", "Soluta molestiae et fuga. Aut distinctio ut. Ut magnam dolore consectetur ut magnam beatae quod quia. Repellat et odit repellendus asperiores cum repellendus ex iste et.", "open", 98, "2017-08-19 23:52:18", "2017-08-19 23:52:18");
INSERT INTO `Goal` (`hoursPerWeek`, `weeklyBudget`, `headline`, `description`, `status`, `apprenticeId`, `createdAt`, `updatedAt`) VALUES (30, 111998, "Autem harum praesentium.", "Recusandae illum placeat sunt et molestiae explicabo. Id ut nemo facilis quas magni quibusdam. Voluptas tempora et veniam consequatur ex sint libero facere quae. Nulla quis hic sed est in velit quibusdam aut tempora.", "open", 98, "2017-09-25 09:49:04", "2017-09-25 09:49:04");
INSERT INTO `Goal` (`hoursPerWeek`, `weeklyBudget`, `headline`, `description`, `status`, `apprenticeId`, `createdAt`, `updatedAt`) VALUES (24, 251710, "Quia cum sint dolorem voluptas.", "Quis aut dignissimos quis vero est et quia ut corrupti. Nisi delectus deleniti dolorem. Est deleniti adipisci sed qui beatae alias quos. Vel iure nulla ad dicta dolorum.", "open", 98, "2017-08-27 23:46:04", "2017-08-27 23:46:04");
INSERT INTO `MyUser` (`id`, `email`, `firstName`, `familyName`, `fbId`) VALUES (99, "Van.Carroll@hotmail.com", "Amir", "Crist", 10000000099 );
INSERT INTO `UserLanguage` (`userId`, `languageId`) VALUES (99, 10);
INSERT INTO `UserLanguage` (`userId`, `languageId`) VALUES (99, 5);
INSERT INTO `Goal` (`hoursPerWeek`, `weeklyBudget`, `headline`, `description`, `status`, `apprenticeId`, `createdAt`, `updatedAt`) VALUES (39, 184525, "Nisi maxime modi suscipit voluptatem.", "Rem ea distinctio praesentium dolorem ipsa non rerum unde. Neque et nostrum quas neque doloremque quo quaerat dolor. Neque occaecati officia cumque neque. Quo atque in.", "open", 99, "2017-10-17 05:01:01", "2017-10-17 05:01:01");
